Time Stamp,ProductKey,EmployeeCode,PromotionKey,CurrencyKey,Supplier ID,UnitPrice,SalesQuantity,zip,city,state_id,state_name,Order Details
2015-01-01 20:08:00,23,32,2,GBP,6,82,19,1633,Parsonsfield,ME,Maine,2#23#32
2015-01-04 17:24:00,5,174,2,USD,23,160,27,1806,Vanceboro,ME,Maine,3#5#174
2015-01-05 10:43:00,70,173,1,USD,10,75,15,1616,Cliff Island,ME,Maine,4#70#173
2015-01-06 10:28:00,66,151,1,USD,11,92,10,991,Lowell,MA,Massachusetts,5#66#151
2015-01-06 10:28:00,35,171,2,GBP,25,120,25,1046,Hull,MA,Massachusetts,6#35#171
2015-01-07 09:30:00,28,89,3,EUR,25,97,18,1917,Limestone,ME,Maine,7#28#89
2015-01-07 11:11:00,1,13,1,USD,16,113,20,654,Naranjito,PR,Puerto Rico,8#1#13
2015-01-07 12:30:00,5,181,3,GBP,28,141,21,952,Ashland,MA,Massachusetts,9#5#181
2015-01-08 11:39:00,5,178,2,USD,26,87,10,689,Barranquitas,PR,Puerto Rico,10#5#178
2015-01-09 15:13:00,73,50,2,GBP,25,103,30,1410,Hill,NH,New Hampshire,11#73#50
2015-01-10 15:36:00,54,256,2,GBP,16,139,21,1531,Atkinson,NH,New Hampshire,12#54#256
2015-01-11 12:28:00,28,153,1,GBP,13,183,13,854,Monroe Bridge,MA,Massachusetts,13#28#153
2015-01-12 17:13:00,67,196,2,USD,1,136,24,1551,Glen,NH,New Hampshire,14#67#196
2015-01-14 19:00:00,65,33,2,EUR,25,113,30,1492,West Stewartstown,NH,New Hampshire,15#65#33
2015-01-15 17:58:00,64,244,3,EUR,22,66,13,1340,Riverside,RI,Rhode Island,16#64#244
2015-01-15 17:58:00,49,289,2,USD,11,157,30,1342,Smithfield,RI,Rhode Island,17#49#289
2015-01-15 17:58:00,11,132,2,GBP,20,106,23,1027,Newbury,MA,Massachusetts,18#11#132
2015-01-15 17:58:00,56,199,1,USD,20,184,11,875,East Templeton,MA,Massachusetts,19#56#199
2015-01-19 14:09:00,68,201,1,USD,14,94,29,1135,Plymouth,MA,Massachusetts,20#68#201
2015-01-19 16:16:00,33,146,1,EUR,5,155,21,1585,Somersworth,NH,New Hampshire,21#33#146
2015-01-19 19:16:00,10,81,1,GBP,29,115,12,1327,North Smithfield,RI,Rhode Island,22#10#81
2015-01-20 10:06:00,9,278,3,GBP,27,174,28,1438,Wentworth,NH,New Hampshire,23#9#278
2015-01-21 15:50:00,11,236,1,USD,29,149,14,1278,Clayville,RI,Rhode Island,24#11#236
2015-01-23 11:22:00,72,255,2,EUR,3,168,29,1799,Sangerville,ME,Maine,25#72#255
2015-01-23 11:22:00,48,19,2,GBP,7,166,18,949,Acton,MA,Massachusetts,26#48#19
2015-01-23 13:40:00,67,19,1,GBP,22,101,12,1523,Pike,NH,New Hampshire,27#67#19
2015-01-23 13:40:00,31,247,2,USD,19,166,17,1316,Kingston,RI,Rhode Island,28#31#247
2015-01-26 18:02:00,42,221,1,GBP,19,158,25,1274,Bristol,RI,Rhode Island,29#42#221
2015-01-27 10:50:00,18,166,3,GBP,2,157,14,1137,South Carver,MA,Massachusetts,30#18#166
2015-01-27 11:32:00,47,63,1,GBP,5,141,21,606,Arecibo,PR,Puerto Rico,31#47#63
2015-01-27 11:32:00,26,151,1,EUR,22,114,26,1368,Nashua,NH,New Hampshire,32#26#151
2015-01-27 11:32:00,48,215,3,EUR,3,146,17,1815,Boothbay Harbor,ME,Maine,33#48#215
2015-01-28 16:04:00,76,175,1,EUR,17,131,18,782,Warren,MA,Massachusetts,34#76#175
2015-01-28 20:57:00,59,105,1,GBP,1,110,12,1085,Allston,MA,Massachusetts,35#59#105
2015-01-29 16:02:00,52,148,1,USD,14,124,10,1437,Weare,NH,New Hampshire,36#52#148
2015-01-29 16:02:00,18,277,3,USD,1,180,20,1814,Boothbay,ME,Maine,37#18#277
2015-01-29 16:02:00,16,203,3,EUR,16,157,29,720,Catano,PR,Puerto Rico,38#16#203
2015-01-30 14:17:00,52,166,2,GBP,3,120,28,1627,Gray,ME,Maine,39#52#166
2015-01-30 14:17:00,61,247,2,GBP,17,82,30,626,Jayuya,PR,Puerto Rico,40#61#247
2015-01-30 14:17:00,61,118,3,EUR,27,145,18,1290,Hopkinton,RI,Rhode Island,41#61#118
2015-01-31 11:18:00,8,104,1,GBP,3,87,28,1720,Bowdoin,ME,Maine,42#8#104
2015-01-31 11:18:00,23,53,2,USD,15,166,27,1190,Siasconset,MA,Massachusetts,43#23#53
2015-01-31 19:32:00,54,134,2,EUR,26,92,14,783,West Chesterfield,MA,Massachusetts,44#54#134
2015-02-01 20:18:00,29,241,2,USD,7,131,14,1670,Falmouth,ME,Maine,45#29#241
2015-02-01 20:18:00,73,259,3,EUR,4,141,15,1758,Carmel,ME,Maine,46#73#259
2015-02-01 20:18:00,63,14,2,GBP,17,200,25,1984,Farmington Falls,ME,Maine,47#63#14
2015-02-02 20:03:00,27,119,3,USD,4,141,29,1902,Baileyville,ME,Maine,48#27#119
2015-02-03 13:13:00,65,201,1,GBP,2,97,16,1467,Rindge,NH,New Hampshire,49#65#201
2015-02-03 13:13:00,70,116,1,USD,25,88,12,942,Worcester,MA,Massachusetts,50#70#116
2015-02-03 20:58:00,9,191,3,EUR,6,143,18,1995,Newport,ME,Maine,51#9#191
2015-02-03 20:58:00,56,229,1,GBP,10,126,17,1880,Mount Desert,ME,Maine,52#56#229
2015-02-04 13:42:00,24,203,2,GBP,18,160,19,1572,Lee,NH,New Hampshire,53#24#203
2015-02-04 15:26:00,28,66,2,USD,25,183,12,1978,Dixmont,ME,Maine,54#28#66
2015-02-05 11:15:00,27,6,2,GBP,22,106,27,1684,East Andover,ME,Maine,55#27#6
2015-02-05 12:10:00,5,53,3,GBP,8,133,24,1644,Old Orchard Beach,ME,Maine,56#5#53
2015-02-10 16:57:00,21,26,2,GBP,13,135,30,1253,North Dartmouth,MA,Massachusetts,57#21#26
2015-02-10 20:58:00,52,5,1,EUR,15,174,28,1389,Ashland,NH,New Hampshire,58#52#5
2015-02-11 11:03:00,10,99,1,USD,22,83,21,1283,Foster,RI,Rhode Island,59#10#99
2015-02-11 11:03:00,11,95,2,EUR,24,115,24,1759,Castine,ME,Maine,60#11#95
2015-02-11 15:50:00,24,195,2,EUR,27,95,22,1111,East Weymouth,MA,Massachusetts,61#24#195
2015-02-11 15:50:00,3,131,3,GBP,10,151,23,1522,Piermont,NH,New Hampshire,62#3#131
2015-02-12 10:32:00,54,282,2,EUR,28,155,26,1094,Somerville,MA,Massachusetts,63#54#282
2015-02-12 10:32:00,11,242,2,GBP,3,142,16,1950,Owls Head,ME,Maine,64#11#242
2015-02-13 14:25:00,1,292,2,USD,17,179,19,1588,Strafford,NH,New Hampshire,65#1#292
2015-02-13 14:25:00,76,278,1,GBP,2,77,26,1503,Canaan,NH,New Hampshire,66#76#278
2015-02-17 10:56:00,71,64,1,GBP,7,79,15,1667,Portland,ME,Maine,67#71#64
2015-02-17 12:05:00,51,111,2,EUR,29,109,17,1499,South Acworth,NH,New Hampshire,68#51#111
2015-02-18 15:07:00,34,47,3,EUR,8,94,27,753,Granville,MA,Massachusetts,69#34#47
2015-02-18 19:11:00,66,43,1,EUR,27,172,13,1288,Hope,RI,Rhode Island,70#66#43
2015-02-18 20:26:00,42,187,3,GBP,13,175,25,1997,New Vineyard,ME,Maine,71#42#187
2015-02-19 19:01:00,12,11,1,EUR,20,121,13,914,North Grafton,MA,Massachusetts,72#12#11
2015-02-19 19:11:00,9,46,1,EUR,21,187,15,632,Rincon,PR,Puerto Rico,73#9#46
2015-02-19 19:11:00,50,40,3,GBP,1,129,18,1967,Bingham,ME,Maine,74#50#40
2015-02-20 10:49:00,3,78,2,GBP,14,122,25,1689,Greene,ME,Maine,75#3#78
2015-02-20 17:38:00,53,32,2,GBP,1,82,10,1025,Middleton,MA,Massachusetts,76#53#32
2015-02-20 18:28:00,25,287,2,EUR,26,125,16,1686,East Livermore,ME,Maine,77#25#287
2015-02-20 18:28:00,27,153,1,GBP,9,104,17,1548,Farmington,NH,New Hampshire,78#27#153
2015-02-21 12:28:00,40,208,2,GBP,17,150,13,1231,West Yarmouth,MA,Massachusetts,79#40#208
2015-02-21 12:28:00,56,17,3,EUR,20,165,21,1704,Newry,ME,Maine,80#56#17
2015-02-21 12:28:00,37,44,1,EUR,16,179,15,1042,East Walpole,MA,Massachusetts,81#37#44
2015-02-21 12:28:00,59,286,3,EUR,9,104,27,1910,Easton,ME,Maine,82#59#286
2015-02-21 13:49:00,63,123,3,USD,19,65,20,1480,Franconia,NH,New Hampshire,83#63#123
2015-02-21 13:49:00,30,208,1,EUR,15,125,16,928,Uxbridge,MA,Massachusetts,84#30#208
2015-02-21 13:49:00,29,195,2,GBP,9,83,11,1734,Litchfield,ME,Maine,85#29#195
2015-02-22 13:02:00,35,103,1,EUR,17,136,15,1948,Monhegan,ME,Maine,86#35#103
2015-02-22 19:37:00,56,84,3,GBP,23,140,17,1878,Meddybemps,ME,Maine,87#56#84
2015-02-23 11:21:00,72,30,3,EUR,13,83,12,1287,Harrisville,RI,Rhode Island,88#72#30
2015-02-23 11:21:00,34,236,1,EUR,28,130,23,1513,Hanover,NH,New Hampshire,89#34#236
2015-02-23 11:21:00,76,28,1,EUR,4,111,16,992,Lowell,MA,Massachusetts,90#76#28
2015-02-23 13:45:00,20,282,2,EUR,27,198,20,1137,South Carver,MA,Massachusetts,91#20#282
2015-02-23 13:45:00,50,127,3,EUR,2,172,24,1726,Dresden,ME,Maine,92#50#127
2015-02-23 13:45:00,64,62,3,USD,22,131,27,1888,Sargentville,ME,Maine,93#64#62
2015-02-23 13:45:00,15,231,1,EUR,12,134,17,764,Monson,MA,Massachusetts,94#15#231
2015-02-23 14:38:00,34,5,2,USD,3,108,25,1673,Peaks Island,ME,Maine,95#34#5
2015-02-23 17:29:00,46,59,3,USD,6,106,21,923,South Lancaster,MA,Massachusetts,96#46#59
2015-02-23 17:29:00,61,4,1,GBP,8,139,28,766,Florence,MA,Massachusetts,97#61#4
2015-02-23 19:05:00,58,5,2,USD,27,68,18,1618,Cumberland Center,ME,Maine,98#58#5
2015-02-23 19:05:00,59,276,3,EUR,16,134,13,1698,Greenwood,ME,Maine,99#59#276
2015-02-23 20:49:00,62,48,1,EUR,19,173,19,1801,Shirley Mills,XXX,Maine,100#62#48
2015-02-23 20:49:00,33,32,2,USD,4,124,28,961,XXX,MA,Massachusetts,101#33#32
2015-02-24 09:23:00,10,89,3,EUR,10,133,16,1462,XXX,NH,New Hampshire,102#10#89
2015-02-24 10:14:00,34,55,1,EUR,5,129,21,1669,XXX,ME,Maine,103#34#55
2015-02-24 20:10:00,70,288,1,EUR,29,146,19,1642,XXX,ME,Maine,104#70#288
2015-02-24 20:10:00,XXX,186,3,USD,24,136,27,1453,Chesterfield,NH,New Hampshire,105#XXX#186
2015-02-25 14:32:00,XXX,112,3,GBP,8,104,17,1334,Providence,RI,Rhode Island,106#XXX#112
2015-02-25 17:52:00,XXX,54,2,USD,8,126,27,1106,Melrose,MA,Massachusetts,107#XXX#54
2015-02-26 14:26:00,XXX,104,2,XXX,7,94,15,1341,Rumford,RI,Rhode Island,108#XXX#104
2015-02-26 14:26:00,26,234,3,XXX,7,68,24,XXX,Guayanilla,PR,Puerto Rico,109#26#234
2015-02-26 18:23:00,12,159,1,XXX,23,157,26,1323,West Kingston,RI,Rhode Island,110#12#159
2015-02-26 18:23:00,59,133,2,EUR,26,XXX,16,1619,Denmark,ME,Maine,111#59#133
2015-02-27 09:34:00,21,9,2,USD,7,63,18,1402,Elkins,NH,New Hampshire,112#21#9
2015-02-27 11:01:00,61,3,2,USD,11,120,15,642,Vega Baja,PR,Puerto Rico,113#61#3
2015-02-27 11:01:00,67,38,1,USD,19,XXX,15,1283,Foster,RI,Rhode Island,114#67#38
2015-02-27 15:07:00,33,134,2,EUR,26,182,16,1050,Medfield,MA,Massachusetts,115#33#134
2015-02-27 15:40:00,14,130,1,EUR,25,2,7,1323,West Kingston,RI,Rhode Island,116#14#130
2015-02-27 15:40:00,11,228,2,GBP,16,128,27,1232,Yarmouth Port,MA,Massachusetts,117#11#228
2015-02-28 10:24:00,2,171,3,EUR,11,140,22,978,Chelmsford,MA,Massachusetts,118#2#171
2015-02-28 16:03:00,70,223,3,USD,8,104,23,881,Littleton,MA,Massachusetts,119#70#223
2015-02-28 16:03:00,9,150,1,USD,12,161,28,1250,New Bedford,MA,Massachusetts,120#9#150
2015-02-28 16:03:00,70,43,2,USD,23,144,29,1333,Providence,RI,Rhode Island,121#70#43
2015-02-28 19:35:00,23,205,2,GBP,25,136,11,1733,Kents Hill,ME,Maine,122#23#205
2015-02-28 19:35:00,61,95,1,EUR,12,196,17,1377,Temple,NH,New Hampshire,123#61#95
2015-03-01 11:46:00,47,187,1,EUR,16,165,16,1637,Lovell,ME,Maine,124#47#187
2015-03-02 10:06:00,62,276,1,GBP,10,179,20,716,Bayamon,PR,Puerto Rico,125#62#276
2015-03-02 13:53:00,59,15,1,GBP,3,67,29,1327,North Smithfield,RI,Rhode Island,126#59#15
2015-03-02 17:32:00,29,260,1,USD,22,111,13,812,Berkshire,MA,Massachusetts,127#29#260
2015-03-04 12:21:00,49,229,2,USD,7,122,30,1867,Harrington,ME,Maine,128#49#229
2015-03-04 12:21:00,45,199,3,USD,18,134,12,655,Orocovis,PR,Puerto Rico,129#45#199
2015-03-04 12:21:00,70,228,2,USD,14,122,27,1716,Turner,ME,Maine,130#70#228
2015-03-04 13:22:00,15,181,1,GBP,15,125,14,1274,Bristol,RI,Rhode Island,131#15#181
2015-03-04 13:22:00,61,65,1,USD,16,115,24,923,South Lancaster,MA,Massachusetts,132#61#65
2015-03-05 19:47:00,67,62,1,GBP,6,181,10,1015,Boxford,MA,Massachusetts,133#67#62
2015-03-05 19:47:00,62,37,1,EUR,25,121,15,865,Sunderland,MA,Massachusetts,134#62#37
2015-03-05 20:31:00,47,14,1,EUR,11,156,23,1055,Norwood,MA,Massachusetts,135#47#14
2015-03-05 20:31:00,3,280,3,EUR,25,109,28,1263,Seekonk,MA,Massachusetts,136#3#280
2015-03-07 14:04:00,67,204,2,EUR,19,87,13,1144,Lexington,MA,Massachusetts,137#67#204
2015-03-08 10:31:00,69,49,3,EUR,5,141,15,1617,Cornish,ME,Maine,138#69#49
2015-03-08 10:31:00,22,244,2,USD,24,175,25,1916,Island Falls,ME,Maine,139#22#244
2015-03-08 10:31:00,63,12,2,GBP,25,113,17,1396,Center Barnstead,NH,New Hampshire,140#63#12
2015-03-08 14:58:00,68,10,3,GBP,8,95,22,1772,Greenville Junction,ME,Maine,141#68#10
2015-03-09 13:45:00,74,200,2,GBP,1,175,15,999,Reading,MA,Massachusetts,142#74#200
2015-03-10 12:48:00,15,232,1,USD,8,90,26,1740,Richmond,ME,Maine,143#15#232
2015-03-10 15:31:00,68,79,3,USD,17,111,16,1597,Kittery,ME,Maine,144#68#79
2015-03-10 16:45:00,37,222,1,EUR,19,135,16,865,Sunderland,MA,Massachusetts,145#37#222
2015-03-10 19:01:00,19,22,3,EUR,8,147,12,848,Deerfield,MA,Massachusetts,146#19#22
2015-03-11 13:13:00,15,185,3,USD,15,115,10,1680,Buckfield,ME,Maine,147#15#185
2015-03-11 13:39:00,12,25,2,EUR,18,129,30,1071,Boston,MA,Massachusetts,148#12#25
2015-03-11 14:01:00,69,110,1,EUR,12,91,29,960,Hopedale,MA,Massachusetts,149#69#110
2015-03-11 18:23:00,47,147,2,USD,13,110,18,1510,Goshen,NH,New Hampshire,150#47#147
2015-03-11 18:23:00,12,231,1,EUR,29,79,26,791,Wilbraham,MA,Massachusetts,151#12#231
2015-03-11 18:36:00,12,18,2,USD,13,149,13,1178,Falmouth,MA,Massachusetts,152#12#18
2015-03-12 12:12:00,9,211,3,EUR,29,178,13,1479,Errol,NH,New Hampshire,153#9#211
2015-03-12 12:12:00,66,61,3,EUR,19,160,12,829,Sandisfield,MA,Massachusetts,154#66#61
2015-03-12 12:19:00,72,98,3,USD,6,135,20,1165,Belmont,MA,Massachusetts,155#72#98
2015-03-12 12:54:00,12,271,3,GBP,8,150,21,1637,Lovell,ME,Maine,156#12#271
2015-03-12 13:33:00,68,221,1,USD,3,126,11,1576,Rochester,NH,New Hampshire,157#68#221
2015-03-12 18:09:00,42,98,1,GBP,7,15,8,1005,Winchester,MA,Massachusetts,158#42#98
2015-03-13 14:19:00,40,285,1,EUR,4,101,12,745,Cummington,MA,Massachusetts,159#40#285
2015-03-15 09:55:00,20,74,2,GBP,29,189,23,1045,Hingham,MA,Massachusetts,160#20#74
2015-03-15 09:55:00,30,234,3,GBP,27,113,27,1602,York,ME,Maine,161#30#234
2015-03-15 17:11:00,13,31,2,GBP,15,142,13,1017,Danvers,MA,Massachusetts,162#13#31
2015-03-16 12:50:00,12,238,3,EUR,4,63,24,1086,Brighton,MA,Massachusetts,163#12#238
2015-03-17 16:23:00,14,52,1,EUR,20,146,20,1075,Dorchester,MA,Massachusetts,164#14#52
2015-03-17 16:23:00,27,236,1,EUR,19,156,16,1413,Laconia,NH,New Hampshire,165#27#236
2015-03-18 20:46:00,37,227,3,GBP,17,106,16,1431,South Sutton,NH,New Hampshire,166#37#227
2015-03-19 11:51:00,48,259,1,GBP,19,134,29,1567,New Durham,NH,New Hampshire,167#48#259
2015-03-19 11:51:00,13,99,1,USD,18,114,14,1868,Hulls Cove,ME,Maine,168#13#99
2015-03-19 14:12:00,74,277,3,GBP,27,126,28,1520,North Haverhill,NH,New Hampshire,169#74#277
2015-03-20 15:19:00,15,17,1,GBP,15,85,18,1456,Swanzey,NH,New Hampshire,170#15#17
2015-03-21 16:18:00,38,200,1,USD,2,176,12,862,Royalston,MA,Massachusetts,171#38#200
2015-03-22 09:31:00,14,70,2,GBP,14,131,16,627,Lajas,PR,Puerto Rico,172#14#70
2015-03-22 09:31:00,77,150,3,EUR,6,102,14,812,Berkshire,MA,Massachusetts,173#77#150
2015-03-22 11:26:00,10,129,3,EUR,27,107,17,1510,Goshen,NH,New Hampshire,174#10#129
2015-03-22 11:26:00,18,153,1,EUR,22,111,15,1634,Limerick,ME,Maine,175#18#153
2015-03-22 13:50:00,31,226,1,EUR,12,176,25,756,Hardwick,MA,Massachusetts,176#31#226
2015-03-22 13:50:00,27,17,3,GBP,7,108,19,697,San Juan,PR,Puerto Rico,177#27#17
2015-03-22 15:07:00,19,9,3,USD,4,161,24,934,Whitinsville,MA,Massachusetts,178#19#9
2015-03-22 15:07:00,27,233,1,USD,13,81,10,979,Dracut,MA,Massachusetts,179#27#233
2015-03-22 15:26:00,34,11,2,USD,26,119,20,1572,Lee,NH,New Hampshire,180#34#11
2015-03-22 18:15:00,59,115,3,USD,20,166,29,1023,Manchester,MA,Massachusetts,181#59#115
2015-03-23 10:04:00,2,96,2,USD,12,86,14,685,Corozal,PR,Puerto Rico,182#2#96
2015-03-23 14:56:00,65,194,1,GBP,25,137,12,1388,Andover,NH,New Hampshire,183#65#194
2015-03-23 17:27:00,70,274,3,GBP,28,108,26,1339,East Providence,RI,Rhode Island,184#70#274
2015-03-23 17:27:00,2,192,1,GBP,27,134,13,960,Hopedale,MA,Massachusetts,185#2#192
2015-03-23 20:52:00,1,223,1,USD,26,175,13,1061,Westwood,MA,Massachusetts,186#1#223
2015-03-24 10:04:00,48,241,2,GBP,6,132,29,1643,Ocean Park,ME,Maine,187#48#241
2015-03-24 11:49:00,4,121,3,USD,6,117,25,1678,Bethel,ME,Maine,188#4#121
2015-03-24 13:00:00,15,36,2,GBP,29,154,26,1067,Boston,MA,Massachusetts,189#15#36
2015-03-24 14:31:00,60,245,2,GBP,2,138,29,620,Garrochales,PR,Puerto Rico,190#60#245
2015-03-24 14:31:00,69,132,1,GBP,19,142,29,1216,North Truro,MA,Massachusetts,191#69#132
2015-03-24 15:23:00,35,104,3,EUR,16,113,11,1844,Bar Harbor,ME,Maine,192#35#104
2015-03-24 15:59:00,74,7,3,GBP,23,75,13,1545,East Wakefield,NH,New Hampshire,193#74#7
2015-03-24 15:59:00,77,143,3,EUR,13,119,10,783,West Chesterfield,MA,Massachusetts,194#77#143
2015-03-24 16:44:00,10,278,1,GBP,26,87,15,816,Great Barrington,MA,Massachusetts,195#10#278
2015-03-24 16:44:00,45,80,2,EUR,28,164,16,1428,Rumney,NH,New Hampshire,196#45#80
2015-03-25 10:15:00,10,95,3,GBP,14,72,27,1289,Hope Valley,RI,Rhode Island,197#10#95
2015-03-25 15:49:00,54,218,1,USD,20,136,12,838,Williamstown,MA,Massachusetts,198#54#218
2015-03-26 09:23:00,58,180,3,GBP,1,116,16,1659,Waterford,ME,Maine,199#58#180
2015-03-26 09:23:00,8,272,1,USD,24,74,19,1916,Island Falls,ME,Maine,200#8#272
2015-03-26 12:25:00,57,203,3,USD,19,105,13,1392,Bradford,NH,New Hampshire,201#57#203
2015-03-26 12:25:00,36,116,3,USD,26,164,28,998,North Reading,MA,Massachusetts,202#36#116
2015-03-26 13:51:00,54,226,1,GBP,16,133,21,1202,Cummaquid,MA,Massachusetts,203#54#226
2015-03-26 17:25:00,40,266,2,GBP,22,65,27,1342,Smithfield,RI,Rhode Island,204#40#266
2015-03-27 18:32:00,58,214,3,USD,28,135,16,762,Leverett,MA,Massachusetts,205#58#214
2015-03-27 18:32:00,25,125,1,USD,21,103,13,1209,Harwich,MA,Massachusetts,206#25#125
2015-03-27 18:32:00,6,176,3,EUR,21,120,22,732,Agawam,MA,Massachusetts,207#6#176
2015-03-28 12:18:00,63,169,2,GBP,9,87,4,1074,Dorchester,MA,Massachusetts,208#63#169
2015-03-28 19:48:00,13,138,3,EUR,24,138,12,694,San Juan,PR,Puerto Rico,209#13#138
2015-03-29 09:28:00,42,219,1,GBP,28,133,14,1999,North Anson,ME,Maine,210#42#219
2015-03-29 12:02:00,77,88,3,EUR,5,131,20,627,Lajas,PR,Puerto Rico,211#77#88
2015-03-29 12:05:00,23,227,2,GBP,24,105,30,644,Yauco,PR,Puerto Rico,212#23#227
2015-03-29 12:05:00,47,177,1,GBP,7,81,10,1685,East Dixfield,ME,Maine,213#47#177
2015-03-29 12:05:00,33,32,2,USD,19,113,23,1555,Hampton,NH,New Hampshire,214#33#32
2015-03-29 12:05:00,74,63,2,GBP,14,99,29,953,Bedford,MA,Massachusetts,215#74#63
2015-03-29 12:05:00,56,49,1,EUR,9,119,29,1381,Manchester,NH,New Hampshire,216#56#49
2015-03-29 13:03:00,35,252,1,USD,7,176,30,889,West Townsend,MA,Massachusetts,217#35#252
2015-03-29 13:03:00,41,2,2,GBP,8,149,12,725,Guaynabo,PR,Puerto Rico,218#41#2
2015-03-29 13:03:00,15,207,2,EUR,12,101,12,1412,Holderness,NH,New Hampshire,219#15#207
2015-03-29 13:03:00,28,258,2,USD,9,111,21,1267,Westport,MA,Massachusetts,220#28#258
2015-03-29 13:14:00,66,253,2,EUR,4,30,5,934,Whitinsville,MA,Massachusetts,221#66#253
2015-03-29 20:24:00,14,24,1,EUR,18,90,21,1775,Howland,ME,Maine,222#14#24
2015-03-30 09:36:00,14,15,2,EUR,9,126,17,1303,Pawtucket,RI,Rhode Island,223#14#15
2015-03-30 09:36:00,5,135,3,EUR,29,186,24,1832,Squirrel Island,ME,Maine,224#5#135
2015-03-30 10:18:00,34,264,3,USD,3,139,13,1450,Antrim,NH,New Hampshire,225#34#264
2015-03-30 10:18:00,26,216,2,GBP,19,141,23,1852,Cherryfield,ME,Maine,226#26#216
2015-03-30 10:18:00,11,138,2,USD,21,134,12,1154,Newtonville,MA,Massachusetts,227#11#138
2015-03-30 14:14:00,34,11,3,GBP,11,149,14,672,Santa Isabel,PR,Puerto Rico,228#34#11
2015-03-30 16:04:00,77,15,2,EUR,16,137,22,800,Springfield,MA,Massachusetts,229#77#15
2015-03-30 16:04:00,24,68,1,USD,13,128,11,1860,East Machias,ME,Maine,230#24#68
2015-03-31 09:05:00,15,260,1,USD,12,130,14,1661,West Baldwin,ME,Maine,231#15#260
2015-03-31 09:05:00,14,19,2,USD,18,106,10,1758,Carmel,ME,Maine,232#14#19
2015-03-31 09:20:00,39,117,1,GBP,24,138,18,1138,Plympton,MA,Massachusetts,233#39#117
2015-03-31 11:17:00,15,230,1,EUR,1,168,18,1458,Gilsum,NH,New Hampshire,234#15#230
2015-03-31 11:17:00,59,81,2,USD,12,119,29,888,Westminster,MA,Massachusetts,235#59#81
2015-03-31 11:17:00,6,24,3,EUR,3,147,30,1385,Manchester,NH,New Hampshire,236#6#24
2015-03-31 12:39:00,61,233,2,USD,10,107,25,715,Bayamon,PR,Puerto Rico,237#61#233
2015-03-31 12:39:00,48,235,2,USD,18,87,29,933,West Brookfield,MA,Massachusetts,238#48#235
2015-03-31 12:39:00,39,43,2,EUR,25,164,10,1861,Eastport,ME,Maine,239#39#43
2015-03-31 13:17:00,9,177,1,GBP,29,126,30,1057,Sharon,MA,Massachusetts,240#9#177
2015-03-31 13:17:00,4,200,3,EUR,15,192,11,1436,Washington,NH,New Hampshire,241#4#200
2015-03-31 13:17:00,51,41,3,EUR,14,125,15,1813,Alna,ME,Maine,242#51#41
2015-03-31 13:17:00,25,72,3,EUR,12,184,21,1747,Abbot,ME,Maine,243#25#72
2015-03-31 13:25:00,44,138,3,EUR,20,151,25,1337,North Providence,RI,Rhode Island,244#44#138
2015-03-31 15:16:00,56,243,2,GBP,25,86,20,1170,Needham Heights,MA,Massachusetts,245#56#243
2015-03-31 15:37:00,48,241,2,EUR,7,175,23,788,West Warren,MA,Massachusetts,246#48#241
2015-03-31 16:47:00,17,152,2,USD,10,96,10,1588,Strafford,NH,New Hampshire,247#17#152
2015-03-31 16:47:00,2,69,3,EUR,29,186,22,1112,South Weymouth,MA,Massachusetts,248#2#69
2015-03-31 16:47:00,21,148,2,EUR,10,106,14,1903,Houlton,ME,Maine,249#21#148
2015-03-31 16:47:00,61,136,3,GBP,3,151,30,1779,Lagrange,ME,Maine,250#61#136
2015-03-31 16:53:00,6,262,3,USD,21,72,24,1435,Warren,NH,New Hampshire,251#6#262
2015-03-31 16:53:00,41,261,2,EUR,22,150,18,1322,Westerly,RI,Rhode Island,252#41#261
2015-03-31 16:53:00,21,44,2,EUR,11,149,19,948,Framingham,MA,Massachusetts,253#21#44
2015-03-31 17:05:00,14,240,3,EUR,11,184,10,724,Guaynabo,PR,Puerto Rico,254#14#240
2015-03-31 17:09:00,28,243,1,EUR,14,111,26,1941,Westfield,ME,Maine,255#28#243
2015-03-31 17:53:00,76,216,2,USD,20,112,26,656,Patillas,PR,Puerto Rico,256#76#216
2015-03-31 17:53:00,71,49,1,GBP,7,112,12,693,San Juan,PR,Puerto Rico,257#71#49
2015-03-31 18:53:00,1,286,2,USD,26,66,10,937,Worcester,MA,Massachusetts,258#1#286
2015-03-31 18:53:00,22,239,1,USD,3,84,11,1180,Woods Hole,MA,Massachusetts,259#22#239
2015-03-31 19:16:00,51,45,2,USD,12,94,26,1330,Providence,RI,Rhode Island,260#51#45
2015-03-31 20:47:00,54,259,3,USD,15,98,15,1240,Fall River,MA,Massachusetts,261#54#259
2015-03-31 20:47:00,62,281,2,EUR,11,103,11,717,Bayamon,PR,Puerto Rico,262#62#281
2015-04-02 16:35:00,37,4,3,GBP,13,121,21,1314,Tiverton,RI,Rhode Island,263#37#4
2015-04-02 16:35:00,40,241,3,USD,22,146,19,1200,Chatham,MA,Massachusetts,264#40#241
2015-04-05 15:36:00,16,289,1,USD,16,156,16,851,Heath,MA,Massachusetts,265#16#289
2015-04-05 15:36:00,40,187,3,USD,7,110,30,1679,Bryant Pond,ME,Maine,266#40#187
2015-04-05 15:36:00,38,204,2,GBP,17,124,28,1722,Peru,ME,Maine,267#38#204
2015-04-05 16:24:00,16,35,1,GBP,15,113,16,1439,Springfield,NH,New Hampshire,268#16#35
2015-04-05 16:24:00,24,8,3,USD,9,168,18,1050,Medfield,MA,Massachusetts,269#24#8
2015-04-05 16:24:00,9,72,3,EUR,24,148,15,1868,Hulls Cove,ME,Maine,270#9#72
2015-04-05 17:15:00,32,165,2,GBP,29,130,22,1822,Bremen,ME,Maine,271#32#165
2015-04-06 09:05:00,18,285,2,USD,15,130,20,1653,Harpswell,ME,Maine,272#18#285
2015-04-06 09:05:00,21,216,2,EUR,26,132,28,1293,Little Compton,RI,Rhode Island,273#21#216
2015-04-06 12:44:00,69,84,1,EUR,19,106,11,1680,Buckfield,ME,Maine,274#69#84
2015-04-06 13:01:00,56,104,3,USD,15,108,14,870,Ashburnham,MA,Massachusetts,275#56#104
2015-04-06 15:01:00,3,200,1,USD,2,138,24,1152,Newton,MA,Massachusetts,276#3#200
2015-04-06 17:00:00,43,250,1,GBP,2,174,24,1210,Harwich Port,MA,Massachusetts,277#43#250
2015-04-06 17:00:00,26,121,3,USD,29,112,22,766,Florence,MA,Massachusetts,278#26#121
2015-04-06 17:00:00,33,235,2,EUR,8,123,11,974,Woburn,MA,Massachusetts,279#33#235
2015-04-06 17:10:00,44,111,2,GBP,8,123,17,1334,Providence,RI,Rhode Island,280#44#111
2015-04-06 18:16:00,71,145,1,USD,29,154,11,1180,Woods Hole,MA,Massachusetts,281#71#145
2015-04-06 18:33:00,72,18,1,EUR,21,142,20,846,Colrain,MA,Massachusetts,282#72#18
2015-04-07 13:06:00,14,55,1,USD,7,178,23,1717,Wayne,ME,Maine,283#14#55
2015-04-07 18:39:00,18,31,2,GBP,6,160,26,841,Ashfield,MA,Massachusetts,284#18#31
2015-04-08 11:07:00,7,183,2,USD,22,151,25,949,Acton,MA,Massachusetts,285#7#183
2015-04-08 17:23:00,54,275,2,EUR,29,103,14,1270,Ashaway,RI,Rhode Island,286#54#275
2015-04-08 18:10:00,22,274,3,EUR,4,90,20,633,Quebradillas,PR,Puerto Rico,287#22#274
2015-04-08 19:39:00,32,95,2,GBP,13,190,10,1839,Wiscasset,ME,Maine,288#32#95
2015-04-09 10:20:00,56,54,2,GBP,3,173,23,1966,Belgrade Lakes,ME,Maine,289#56#54
2015-04-09 10:39:00,15,207,2,GBP,23,148,15,1832,Squirrel Island,ME,Maine,290#15#207
2015-04-09 11:39:00,27,143,2,EUR,10,168,12,1600,Ogunquit,ME,Maine,291#27#143
2015-04-09 11:39:00,67,118,2,USD,4,127,14,794,Worthington,MA,Massachusetts,292#67#118
2015-04-09 16:48:00,52,221,2,USD,4,134,18,754,Hadley,MA,Massachusetts,293#52#221
2015-04-10 09:32:00,70,181,3,EUR,19,152,24,730,Carolina,PR,Puerto Rico,294#70#181
2015-04-12 10:51:00,6,275,2,EUR,23,121,16,830,Savoy,MA,Massachusetts,295#6#275
2015-04-12 10:51:00,24,222,3,EUR,27,88,18,1817,Chamberlain,ME,Maine,296#24#222
2015-04-12 11:49:00,54,278,2,GBP,15,189,16,1600,Ogunquit,ME,Maine,297#54#278
2015-04-12 12:32:00,47,230,1,GBP,19,93,12,619,Florida,PR,Puerto Rico,298#47#230
2015-04-12 12:42:00,50,234,2,EUR,16,116,29,722,Guaynabo,PR,Puerto Rico,299#50#234
2015-04-12 13:18:00,63,248,1,EUR,2,78,11,1700,Mexico,ME,Maine,300#63#248
2015-04-13 11:24:00,9,169,2,EUR,6,112,26,1179,Buzzards Bay,MA,Massachusetts,301#9#169
2015-04-13 17:37:00,66,58,3,USD,22,159,27,822,Lenox Dale,MA,Massachusetts,302#66#58
2015-04-13 20:04:00,2,189,2,GBP,17,118,12,1996,New Sharon,ME,Maine,303#2#189
2015-04-13 20:04:00,53,234,1,USD,9,79,12,717,Bayamon,PR,Puerto Rico,304#53#234
2015-04-13 20:04:00,42,185,2,EUR,5,63,11,1927,Perham,ME,Maine,305#42#185
2015-04-13 20:04:00,32,55,2,EUR,9,141,27,1240,Fall River,MA,Massachusetts,306#32#55
2015-04-14 10:18:00,4,283,1,EUR,27,177,20,1282,Exeter,RI,Rhode Island,307#4#283
2015-04-14 10:18:00,67,238,1,EUR,2,77,11,1214,North Chatham,MA,Massachusetts,308#67#238
2015-04-14 10:18:00,70,145,3,EUR,2,104,24,670,Salinas,PR,Puerto Rico,309#70#145
2015-04-14 18:06:00,51,191,3,EUR,14,116,22,1419,New Hampton,NH,New Hampshire,310#51#191
2015-04-14 20:36:00,27,230,3,USD,22,109,20,881,Littleton,MA,Massachusetts,311#27#230
2015-04-14 20:36:00,31,136,2,GBP,6,166,22,1282,Exeter,RI,Rhode Island,312#31#136
2015-04-15 11:04:00,67,37,1,USD,15,126,26,1606,Alfred,ME,Maine,313#67#37
2015-04-15 14:27:00,52,129,3,USD,13,101,20,1514,Haverhill,NH,New Hampshire,314#52#129
2015-04-15 14:27:00,71,199,2,GBP,19,105,19,643,Vega Baja,PR,Puerto Rico,315#71#199
2015-04-15 17:09:00,45,59,3,EUR,26,118,11,620,Garrochales,PR,Puerto Rico,316#45#59
2015-04-15 19:14:00,58,220,2,EUR,23,78,26,1884,Perry,ME,Maine,317#58#220
2015-04-15 19:40:00,38,245,1,GBP,11,78,12,1537,Conway,NH,New Hampshire,318#38#245
2015-04-15 20:59:00,61,79,1,USD,2,162,18,1494,Acworth,NH,New Hampshire,319#61#79
2015-04-15 20:59:00,61,59,2,GBP,23,99,22,862,Royalston,MA,Massachusetts,320#61#59
2015-04-16 12:55:00,2,57,3,USD,6,102,16,1686,East Livermore,ME,Maine,321#2#57
2015-04-16 12:55:00,25,281,2,EUR,19,146,30,1354,Francestown,NH,New Hampshire,322#25#281
2015-04-16 12:55:00,55,122,3,GBP,13,154,26,1353,Epping,NH,New Hampshire,323#55#122
2015-04-18 10:28:00,42,282,2,GBP,21,163,28,923,South Lancaster,MA,Massachusetts,324#42#282
2015-04-18 10:28:00,3,216,3,EUR,15,140,15,993,Lowell,MA,Massachusetts,325#3#216
2015-04-18 12:38:00,64,92,2,EUR,7,107,26,1894,Steuben,ME,Maine,326#64#92
2015-04-19 14:03:00,35,103,1,EUR,1,104,10,1598,Kittery Point,ME,Maine,327#35#103
2015-04-19 15:09:00,73,109,1,USD,19,134,14,1736,Mount Vernon,ME,Maine,328#73#109
2015-04-19 17:00:00,72,62,2,USD,12,124,16,935,Sutton,MA,Massachusetts,329#72#62
2015-04-19 17:44:00,54,169,2,EUR,27,82,17,1642,Windham,ME,Maine,330#54#169
2015-04-19 19:52:00,57,109,1,GBP,4,83,27,1044,Franklin,MA,Massachusetts,331#57#109
2015-04-19 19:52:00,61,146,2,EUR,25,99,24,881,Littleton,MA,Massachusetts,332#61#146
2015-04-20 09:01:00,69,233,2,USD,5,149,22,1931,Saint David,ME,Maine,333#69#233
2015-04-20 09:01:00,40,253,3,EUR,1,153,19,1451,Ashuelot,NH,New Hampshire,334#40#253
2015-04-20 09:01:00,36,139,3,EUR,2,110,19,729,Carolina,PR,Puerto Rico,335#36#139
2015-04-20 11:17:00,41,136,1,USD,24,120,15,794,Worthington,MA,Massachusetts,336#41#136
2015-04-20 12:08:00,24,62,2,EUR,12,157,18,1917,Limestone,ME,Maine,337#24#62
2015-04-20 14:24:00,68,85,3,USD,20,162,5,1197,Barnstable,MA,Massachusetts,338#68#85
2015-04-20 17:42:00,49,126,2,GBP,6,127,18,1017,Danvers,MA,Massachusetts,339#49#126
2015-04-20 19:36:00,6,117,3,USD,5,135,19,1269,Albion,RI,Rhode Island,340#6#117
2015-04-20 19:36:00,60,5,1,GBP,10,138,12,764,Monson,MA,Massachusetts,341#60#5
2015-04-21 09:22:00,76,1,3,EUR,21,151,21,783,West Chesterfield,MA,Massachusetts,342#76#1
2015-04-21 16:39:00,69,173,2,EUR,16,105,16,837,West Stockbridge,MA,Massachusetts,343#69#173
2015-04-22 15:32:00,72,149,2,GBP,27,109,28,808,Pittsfield,MA,Massachusetts,344#72#149
2015-04-22 15:32:00,73,278,2,USD,3,116,12,652,Ponce,PR,Puerto Rico,345#73#278
2015-04-22 18:15:00,58,90,3,USD,23,167,17,681,Juncos,PR,Puerto Rico,346#58#90
2015-04-22 20:44:00,44,145,1,EUR,15,120,28,1844,Bar Harbor,ME,Maine,347#44#145
2015-04-23 10:57:00,70,226,1,EUR,15,167,12,1534,Center Ossipee,NH,New Hampshire,348#70#226
2015-04-23 10:57:00,7,147,2,GBP,17,114,28,1591,Union,NH,New Hampshire,349#7#147
2015-04-23 10:57:00,54,193,2,GBP,7,115,27,1767,East Orland,ME,Maine,350#54#193
2015-04-23 12:38:00,36,291,2,USD,9,159,10,777,Southwick,MA,Massachusetts,351#36#291
2015-04-23 12:38:00,49,203,3,EUR,2,146,10,1342,Smithfield,RI,Rhode Island,352#49#203
2015-04-23 14:16:00,43,100,1,GBP,5,77,10,1841,Ellsworth,ME,Maine,353#43#100
2015-04-23 14:16:00,34,93,1,EUR,25,144,13,1522,Piermont,NH,New Hampshire,354#34#93
2015-04-23 14:16:00,34,163,3,EUR,3,123,19,1251,New Bedford,MA,Massachusetts,355#34#163
2015-04-23 14:40:00,55,254,1,EUR,9,141,21,1597,Kittery,ME,Maine,356#55#254
2015-04-23 17:10:00,13,141,1,USD,10,116,23,1925,Oxbow,ME,Maine,357#13#141
2015-04-24 14:48:00,43,52,2,USD,15,150,30,1320,Warwick,RI,Rhode Island,358#43#52
2015-04-25 10:09:00,75,181,2,EUR,14,143,10,647,Aibonito,PR,Puerto Rico,359#75#181
2015-04-25 15:57:00,41,112,1,USD,6,179,18,1108,Braintree,MA,Massachusetts,360#41#112
2015-04-26 16:51:00,33,161,2,USD,29,139,22,983,Georgetown,MA,Massachusetts,361#33#161
2015-04-26 17:33:00,15,174,1,GBP,1,179,16,1676,Auburn,ME,Maine,362#15#174
2015-04-26 20:30:00,52,236,2,EUR,3,123,11,758,Haydenville,MA,Massachusetts,363#52#236
2015-04-28 09:46:00,76,228,2,USD,10,76,30,1478,Colebrook,NH,New Hampshire,364#76#228
2015-04-28 10:44:00,31,132,1,EUR,1,124,19,682,Gurabo,PR,Puerto Rico,365#31#132
2015-04-28 11:40:00,68,196,2,GBP,26,85,16,1999,North Anson,ME,Maine,366#68#196
2015-04-28 11:40:00,35,290,3,GBP,21,118,29,1665,Yarmouth,ME,Maine,367#35#290
2015-04-28 11:40:00,19,133,1,GBP,9,74,23,762,Leverett,MA,Massachusetts,368#19#133
2015-04-28 13:28:00,43,154,1,GBP,10,157,20,1179,Buzzards Bay,MA,Massachusetts,369#43#154
2015-04-28 17:09:00,14,115,1,GBP,1,128,10,1148,Waltham,MA,Massachusetts,370#14#115
2015-04-28 17:09:00,3,2,3,EUR,27,64,29,1274,Bristol,RI,Rhode Island,371#3#2
2015-04-29 11:39:00,53,137,3,USD,23,120,14,1275,Carolina,RI,Rhode Island,372#53#137
2015-04-29 14:59:00,68,48,2,GBP,10,189,20,1946,Lincolnville,ME,Maine,373#68#48
2015-04-30 10:09:00,19,162,2,GBP,28,188,28,1058,South Walpole,MA,Massachusetts,374#19#162
2015-04-30 10:09:00,67,134,2,EUR,6,114,29,941,Worcester,MA,Massachusetts,375#67#134
2015-04-30 10:32:00,76,233,3,USD,14,180,18,1813,Alna,ME,Maine,376#76#233
2015-04-30 12:01:00,58,124,3,GBP,15,122,27,787,West Springfield,MA,Massachusetts,377#58#124
2015-04-30 12:01:00,56,236,3,EUR,12,172,22,1809,Winn,ME,Maine,378#56#236
2015-04-30 13:33:00,49,150,3,GBP,5,149,17,815,Glendale,MA,Massachusetts,379#49#150
2015-04-30 16:19:00,1,65,3,EUR,14,113,24,978,Chelmsford,MA,Massachusetts,380#1#65
2015-04-30 17:48:00,11,67,2,USD,18,157,16,1285,Greene,RI,Rhode Island,381#11#67
2015-04-30 17:48:00,58,278,1,EUR,21,114,14,1964,Belfast,ME,Maine,382#58#278
2015-04-30 17:48:00,23,93,1,GBP,7,115,17,667,Puerto Real,PR,Puerto Rico,383#23#93
2015-04-30 19:09:00,66,232,3,USD,27,89,30,1537,Conway,NH,New Hampshire,384#66#232
2015-04-30 19:21:00,33,282,3,GBP,15,73,14,1391,Belmont,NH,New Hampshire,385#33#282
2015-04-30 20:10:00,2,275,3,USD,9,165,19,1467,Rindge,NH,New Hampshire,386#2#275
2015-04-30 20:33:00,18,24,3,EUR,4,148,29,1914,Frenchville,ME,Maine,387#18#24
2015-05-01 11:19:00,69,185,2,EUR,16,128,29,1503,Canaan,NH,New Hampshire,388#69#185
2015-05-01 11:19:00,51,134,2,EUR,25,85,30,1345,Cranston,RI,Rhode Island,389#51#134
2015-05-01 11:19:00,30,229,2,USD,26,103,29,1579,Rye,NH,New Hampshire,390#30#229
2015-05-01 19:59:00,6,120,3,EUR,5,148,16,1871,Jonesboro,ME,Maine,391#6#120
2015-05-01 19:59:00,14,202,2,EUR,11,94,20,1250,New Bedford,MA,Massachusetts,392#14#202
2015-05-03 10:44:00,65,98,3,USD,2,84,18,1342,Smithfield,RI,Rhode Island,393#65#98
2015-05-03 11:01:00,20,267,1,EUR,8,149,18,1921,Monticello,ME,Maine,394#20#267
2015-05-03 14:55:00,10,10,1,USD,24,132,12,1685,East Dixfield,ME,Maine,395#10#10
2015-05-04 18:19:00,75,165,3,GBP,8,133,19,1568,Newfields,NH,New Hampshire,396#75#165
2015-05-05 11:09:00,49,106,3,USD,11,113,11,1630,Hollis Center,ME,Maine,397#49#106
2015-05-05 15:08:00,15,117,2,USD,12,153,15,1772,Greenville Junction,ME,Maine,398#15#117
2015-05-06 17:53:00,70,287,2,GBP,28,94,14,1503,Canaan,NH,New Hampshire,399#70#287
2015-05-07 16:26:00,65,272,2,GBP,19,178,20,1900,Whiting,ME,Maine,400#65#272
2015-05-07 16:26:00,29,76,3,USD,3,127,22,1736,Mount Vernon,ME,Maine,401#29#76
2015-05-07 18:11:00,67,168,1,GBP,24,96,11,1229,West Harwich,MA,Massachusetts,402#67#168
2015-05-08 11:03:00,5,24,1,USD,28,83,14,1717,Wayne,ME,Maine,403#5#24
2015-05-08 11:03:00,20,167,1,USD,6,134,10,1547,Exeter,NH,New Hampshire,404#20#167
2015-05-08 17:45:00,19,202,1,USD,4,124,11,808,Pittsfield,MA,Massachusetts,405#19#202
2015-05-08 17:45:00,21,95,2,USD,15,104,24,987,Lawrence,MA,Massachusetts,406#21#95
2015-05-08 18:34:00,49,147,2,GBP,28,154,24,1472,Westmoreland,NH,New Hampshire,407#49#147
2015-05-08 20:01:00,46,244,1,GBP,15,146,20,1337,North Providence,RI,Rhode Island,408#46#244
2015-05-09 09:06:00,25,60,2,EUR,14,93,30,1235,Cuttyhunk,MA,Massachusetts,409#25#60
2015-05-10 18:34:00,6,117,2,USD,25,148,10,1588,Strafford,NH,New Hampshire,410#6#117
2015-05-10 19:34:00,8,254,1,EUR,12,69,20,1486,Sugar Hill,NH,New Hampshire,411#8#254
2015-05-10 20:04:00,12,237,3,USD,20,165,28,1501,North Walpole,NH,New Hampshire,412#12#237
2015-05-11 10:39:00,23,90,3,EUR,9,73,26,720,Catano,PR,Puerto Rico,413#23#90
2015-05-11 10:39:00,37,167,3,GBP,29,97,16,668,Punta Santiago,PR,Puerto Rico,414#37#167
2015-05-11 10:39:00,44,262,3,GBP,1,110,18,756,Hardwick,MA,Massachusetts,415#44#262
2015-05-11 15:01:00,28,152,3,EUR,3,165,24,601,Adjuntas,PR,Puerto Rico,416#28#152
2015-05-11 15:01:00,12,215,1,EUR,9,122,15,908,Millbury,MA,Massachusetts,417#12#215
2015-05-11 18:16:00,63,26,1,GBP,7,193,19,892,Berlin,MA,Massachusetts,418#63#26
2015-05-11 18:16:00,47,284,2,GBP,14,108,19,789,Whately,MA,Massachusetts,419#47#284
2015-05-11 19:18:00,21,109,2,GBP,5,131,19,666,Cidra,PR,Puerto Rico,420#21#109
2015-05-11 19:18:00,24,28,3,EUR,4,146,10,1167,Wellesley,MA,Massachusetts,421#24#28
2015-05-11 19:18:00,59,265,3,GBP,8,123,16,1278,Clayville,RI,Rhode Island,422#59#265
2015-05-12 20:47:00,40,94,2,EUR,28,120,23,945,Cherry Valley,MA,Massachusetts,423#40#94
2015-05-12 20:47:00,71,41,2,GBP,25,119,14,782,Warren,MA,Massachusetts,424#71#41
2015-05-12 20:50:00,65,32,3,USD,8,87,14,1907,Bridgewater,ME,Maine,425#65#32
2015-05-13 10:22:00,75,134,1,GBP,17,121,10,1618,Cumberland Center,ME,Maine,426#75#134
2015-05-13 10:22:00,5,125,3,USD,2,114,21,1470,Troy,NH,New Hampshire,427#5#125
2015-05-13 11:49:00,8,164,2,GBP,26,115,24,1318,Warren,RI,Rhode Island,428#8#164
2015-05-14 11:17:00,37,188,2,USD,8,156,10,1790,Old Town,ME,Maine,429#37#188
2015-05-15 14:52:00,48,37,2,USD,20,103,17,914,North Grafton,MA,Massachusetts,430#48#37
2015-05-15 14:52:00,67,43,2,GBP,17,97,12,1276,Charlestown,RI,Rhode Island,431#67#43
2015-05-17 19:34:00,68,18,3,GBP,21,118,10,1696,Livermore,ME,Maine,432#68#18
2015-05-19 12:26:00,58,54,1,USD,14,105,10,1878,Meddybemps,ME,Maine,433#58#54
2015-05-19 12:26:00,1,135,2,GBP,3,126,11,1044,Franklin,MA,Massachusetts,434#1#135
2015-05-19 15:38:00,30,218,3,USD,19,149,27,847,Conway,MA,Massachusetts,435#30#218
2015-05-19 15:38:00,77,110,3,USD,16,103,27,1408,Hebron,NH,New Hampshire,436#77#110
2015-05-19 15:58:00,60,45,1,EUR,29,143,30,681,Juncos,PR,Puerto Rico,437#60#45
2015-05-20 15:39:00,4,80,1,EUR,24,142,29,1096,Malden,MA,Massachusetts,438#4#80
2015-05-20 17:40:00,24,239,2,USD,1,15,18,1749,Bradford,ME,Maine,439#24#239
2015-05-21 10:50:00,55,63,2,GBP,2,105,30,889,West Townsend,MA,Massachusetts,440#55#63
2015-05-21 10:52:00,62,263,2,EUR,22,141,13,1519,Newport,NH,New Hampshire,441#62#263
2015-05-21 10:52:00,41,192,1,EUR,26,128,27,1801,Shirley Mills,ME,Maine,442#41#192
2015-05-21 11:35:00,24,257,2,USD,23,137,22,623,Hatillo,PR,Puerto Rico,443#24#257
2015-05-21 11:35:00,67,204,1,USD,21,130,24,681,Juncos,PR,Puerto Rico,444#67#204
2015-05-21 11:35:00,49,110,3,EUR,9,113,17,1420,New London,NH,New Hampshire,445#49#110
2015-05-21 12:27:00,30,4,3,USD,12,100,25,1941,Westfield,ME,Maine,446#30#4
2015-05-21 13:00:00,14,238,1,EUR,18,134,17,1043,Foxboro,MA,Massachusetts,447#14#238
2015-05-21 13:00:00,44,187,1,GBP,21,96,10,672,Santa Isabel,PR,Puerto Rico,448#44#187
2015-05-21 13:07:00,39,185,3,USD,15,160,15,717,Bayamon,PR,Puerto Rico,449#39#185
2015-05-22 09:03:00,62,33,3,USD,9,148,29,925,Sterling,MA,Massachusetts,450#62#33
2015-05-22 09:03:00,42,206,2,EUR,3,98,30,709,San Juan,PR,Puerto Rico,451#42#206
2015-05-24 09:47:00,19,120,2,EUR,21,175,14,1097,Everett,MA,Massachusetts,452#19#120
2015-05-24 09:47:00,30,206,3,USD,18,99,20,1989,Jackman,ME,Maine,453#30#206
2015-05-24 12:58:00,24,236,3,USD,17,158,19,1114,Boston,MA,Massachusetts,454#24#236
2015-05-24 20:48:00,49,74,1,GBP,23,149,12,1706,North Monmouth,ME,Maine,455#49#74
2015-05-24 20:48:00,53,137,1,EUR,8,161,17,1889,Seal Cove,ME,Maine,456#53#137
2015-05-24 20:48:00,41,156,1,USD,17,152,27,980,Dunstable,MA,Massachusetts,457#41#156
2015-05-25 12:34:00,69,112,3,EUR,29,141,13,1098,Chelsea,MA,Massachusetts,458#69#112
2015-05-25 13:56:00,34,14,2,GBP,7,136,15,1751,Brewer,ME,Maine,459#34#14
2015-05-25 13:56:00,32,144,3,EUR,16,97,12,1585,Somersworth,NH,New Hampshire,460#32#144
2015-05-25 13:56:00,59,142,3,USD,28,85,16,890,Winchendon,MA,Massachusetts,461#59#142
2015-05-25 13:56:00,15,272,2,GBP,10,114,22,721,Guaynabo,PR,Puerto Rico,462#15#272
2015-05-25 16:49:00,16,120,3,GBP,20,93,19,793,Woronoco,MA,Massachusetts,463#16#120
2015-05-25 16:49:00,4,248,2,USD,26,161,10,1269,Albion,RI,Rhode Island,464#4#248
2015-05-25 16:49:00,56,106,1,GBP,25,177,26,1957,Union,ME,Maine,465#56#106
2015-05-25 16:50:00,22,2,1,EUR,2,135,26,1435,Warren,NH,New Hampshire,466#22#2
2015-05-25 16:50:00,36,234,1,EUR,1,127,21,1931,Saint David,ME,Maine,467#36#234
2015-05-25 16:50:00,27,290,3,GBP,20,106,28,1041,Dover,MA,Massachusetts,468#27#290
2015-05-25 16:50:00,1,76,1,USD,18,94,20,1284,Glendale,RI,Rhode Island,469#1#76
2015-05-25 20:27:00,21,60,1,GBP,18,163,15,1609,Biddeford Pool,ME,Maine,470#21#60
2015-05-26 11:40:00,66,80,3,EUR,8,138,20,853,Millers Falls,MA,Massachusetts,471#66#80
2015-05-26 11:40:00,65,77,1,USD,29,155,10,724,Guaynabo,PR,Puerto Rico,472#65#77
2015-05-26 11:40:00,8,145,2,EUR,24,145,16,1185,Onset,MA,Massachusetts,473#8#145
2015-05-26 14:15:00,64,134,3,USD,16,74,20,1100,Winthrop,MA,Massachusetts,474#64#134
2015-05-26 17:03:00,32,126,2,GBP,5,136,20,926,Sturbridge,MA,Massachusetts,475#32#126
2015-05-26 20:48:00,54,260,1,USD,12,134,17,1184,Oak Bluffs,MA,Massachusetts,476#54#260
2015-05-26 20:48:00,9,153,3,GBP,16,158,13,1677,Andover,ME,Maine,477#9#153
2015-05-27 13:10:00,57,31,3,EUR,2,10,5,1084,West Roxbury,MA,Massachusetts,478#57#31
2015-05-27 13:10:00,31,270,2,USD,22,87,11,1895,Stonington,ME,Maine,479#31#270
2015-05-27 13:10:00,69,177,1,GBP,6,102,13,654,Naranjito,PR,Puerto Rico,480#69#177
2015-05-27 13:22:00,40,201,3,EUR,21,154,29,1040,Dedham,MA,Massachusetts,481#40#201
2015-05-27 15:21:00,55,202,3,EUR,21,150,14,1400,Danbury,NH,New Hampshire,482#55#202
2015-05-27 15:21:00,70,187,1,USD,29,77,17,1361,Hudson,NH,New Hampshire,483#70#187
2015-05-27 17:00:00,15,41,2,EUR,22,149,21,1355,Fremont,NH,New Hampshire,484#15#41
2015-05-27 17:00:00,63,214,1,GBP,21,124,15,782,Warren,MA,Massachusetts,485#63#214
2015-05-28 09:17:00,40,177,3,GBP,13,111,17,1509,Georges Mills,NH,New Hampshire,486#40#177
2015-05-28 11:01:00,28,73,1,GBP,9,110,30,1049,Marshfield,MA,Massachusetts,487#28#73
2015-05-28 11:14:00,14,69,3,GBP,1,88,16,710,Toa Baja,PR,Puerto Rico,488#14#69
2015-05-28 11:14:00,36,207,1,GBP,20,105,10,722,Guaynabo,PR,Puerto Rico,489#36#207
2015-05-28 11:49:00,8,136,1,GBP,15,101,17,1353,Epping,NH,New Hampshire,490#8#136
2015-05-28 13:52:00,77,206,3,GBP,26,118,14,1016,Byfield,MA,Massachusetts,491#77#206
2015-05-28 13:52:00,77,255,3,GBP,15,181,19,1263,Seekonk,MA,Massachusetts,492#77#255
2015-05-28 14:32:00,63,285,3,GBP,9,134,11,1303,Pawtucket,RI,Rhode Island,493#63#285
2015-05-28 15:58:00,9,44,3,GBP,18,143,24,1111,East Weymouth,MA,Massachusetts,494#9#44
2015-05-28 18:21:00,48,21,3,EUR,5,120,18,753,Granville,MA,Massachusetts,495#48#21
2015-05-28 18:21:00,3,272,3,EUR,9,81,27,1976,Detroit,ME,Maine,496#3#272
2015-05-28 18:21:00,38,179,3,USD,8,110,27,1090,Cambridge,MA,Massachusetts,497#38#179
2015-05-28 18:52:00,69,164,2,GBP,29,138,3,1376,Lyndeborough,NH,New Hampshire,498#69#164
2015-05-28 20:24:00,29,119,1,EUR,4,87,23,729,Carolina,PR,Puerto Rico,499#29#119
2015-05-28 20:26:00,46,175,1,GBP,16,167,12,1516,Lyme,NH,New Hampshire,500#46#175
2015-05-29 16:21:00,76,10,3,GBP,6,118,21,1249,Acushnet,MA,Massachusetts,501#76#10
2015-05-29 16:21:00,71,106,2,EUR,28,151,10,1471,West Chesterfield,NH,New Hampshire,502#71#106
2015-05-29 16:21:00,66,77,2,EUR,21,63,12,1169,Weston,MA,Massachusetts,503#66#77
2015-05-29 19:55:00,36,11,1,EUR,3,110,21,1432,Suncook,NH,New Hampshire,504#36#11
2015-05-30 13:37:00,40,265,2,EUR,28,142,19,1781,Lee,ME,Maine,505#40#265
2015-05-31 09:17:00,43,172,3,GBP,6,144,13,833,Southfield,MA,Massachusetts,506#43#172
2015-05-31 09:17:00,25,85,2,USD,9,159,29,1257,Attleboro Falls,MA,Massachusetts,507#25#85
2015-05-31 09:17:00,5,268,2,EUR,15,83,19,782,Warren,MA,Massachusetts,508#5#268
2015-05-31 12:02:00,13,93,1,USD,9,157,23,694,San Juan,PR,Puerto Rico,509#13#93
2015-05-31 12:02:00,63,279,1,USD,28,129,24,1495,Alstead,NH,New Hampshire,510#63#279
2015-05-31 13:22:00,19,288,2,EUR,28,76,28,1689,Greene,ME,Maine,511#19#288
2015-05-31 14:34:00,5,204,2,GBP,11,144,25,1753,Brownville,ME,Maine,512#5#204
2015-05-31 14:34:00,55,216,2,GBP,11,131,27,1942,Rockland,ME,Maine,513#55#216
2015-05-31 15:09:00,17,81,1,EUR,10,172,29,1991,Liberty,ME,Maine,514#17#81
2015-05-31 15:09:00,8,271,3,USD,12,108,28,818,Housatonic,MA,Massachusetts,515#8#271
2015-05-31 15:24:00,74,111,2,USD,21,148,21,1715,South Paris,ME,Maine,516#74#111
2015-05-31 15:24:00,45,13,2,GBP,23,92,11,1005,Winchester,MA,Massachusetts,517#45#13
2015-05-31 15:24:00,17,22,3,GBP,13,156,10,772,Russell,MA,Massachusetts,518#17#22
2015-05-31 18:02:00,20,42,2,USD,14,97,29,873,Devens,MA,Massachusetts,519#20#42
2015-05-31 18:02:00,46,273,2,GBP,28,131,27,797,Springfield,MA,Massachusetts,520#46#273
2015-05-31 18:02:00,19,279,2,GBP,16,154,30,645,Aguas Buenas,PR,Puerto Rico,521#19#279
2015-06-01 09:05:00,58,58,1,GBP,14,129,15,964,Maynard,MA,Massachusetts,522#58#58
2015-06-01 09:05:00,76,66,1,EUR,3,134,10,1671,South Portland,ME,Maine,523#76#66
2015-06-01 13:59:00,47,225,3,EUR,22,139,29,815,Glendale,MA,Massachusetts,524#47#225
2015-06-01 15:49:00,59,199,1,USD,21,120,24,1545,East Wakefield,NH,New Hampshire,525#59#199
2015-06-01 15:49:00,77,153,3,USD,28,188,16,1494,Acworth,NH,New Hampshire,526#77#153
2015-06-01 19:30:00,60,3,3,EUR,18,162,15,1062,Wrentham,MA,Massachusetts,527#60#3
2015-06-04 19:16:00,46,166,3,EUR,7,91,11,1361,Hudson,NH,New Hampshire,528#46#166
2015-06-05 17:52:00,58,87,3,GBP,24,152,25,1694,Lisbon,ME,Maine,529#58#87
2015-06-05 18:05:00,8,39,3,EUR,12,152,17,1225,Wellfleet,MA,Massachusetts,530#8#39
2015-06-05 18:05:00,41,222,1,EUR,3,158,24,1030,Rockport,MA,Massachusetts,531#41#222
2015-06-07 09:59:00,72,249,2,USD,8,166,27,904,Jefferson,MA,Massachusetts,532#72#249
2015-06-08 10:28:00,26,109,1,GBP,9,172,16,1886,Prospect Harbor,ME,Maine,533#26#109
2015-06-08 18:33:00,72,73,1,EUR,24,192,21,1061,Westwood,MA,Massachusetts,534#72#73
2015-06-09 10:30:00,77,141,3,USD,5,147,30,1596,Eliot,ME,Maine,535#77#141
2015-06-09 16:21:00,51,109,3,USD,8,123,19,1719,West Bethel,ME,Maine,536#51#109
2015-06-10 10:40:00,4,44,3,USD,1,133,28,1814,Boothbay,ME,Maine,537#4#44
2015-06-10 16:39:00,49,289,3,EUR,8,180,21,879,Hubbardston,MA,Massachusetts,538#49#289
2015-06-10 17:17:00,52,246,2,USD,1,83,15,1614,Casco,ME,Maine,539#52#246
2015-06-10 20:53:00,41,273,1,GBP,12,81,25,1162,Watertown,MA,Massachusetts,540#41#273
2015-06-11 10:18:00,15,95,3,EUR,28,191,28,1810,Winterport,ME,Maine,541#15#95
2015-06-11 15:25:00,38,52,2,EUR,6,126,26,638,Morovis,PR,Puerto Rico,542#38#52
2015-06-11 17:39:00,48,190,3,USD,28,128,19,1827,Pemaquid,ME,Maine,543#48#190
2015-06-11 17:39:00,19,173,2,EUR,11,94,28,759,Holyoke,MA,Massachusetts,544#19#173
2015-06-11 17:39:00,42,66,1,GBP,28,100,30,1499,South Acworth,NH,New Hampshire,545#42#66
2015-06-12 16:51:00,77,4,2,USD,19,106,11,832,South Egremont,MA,Massachusetts,546#77#4
2015-06-12 16:51:00,75,201,1,EUR,18,151,27,1471,West Chesterfield,NH,New Hampshire,547#75#201
2015-06-12 20:54:00,41,107,2,USD,13,181,23,1188,Sagamore Beach,MA,Massachusetts,548#41#107
2015-06-14 19:26:00,12,36,3,EUR,23,125,25,1342,Smithfield,RI,Rhode Island,549#12#36
2015-06-14 20:02:00,16,60,3,EUR,13,90,18,1289,Hope Valley,RI,Rhode Island,550#16#60
2015-06-15 15:06:00,38,267,3,USD,11,147,23,1731,Hallowell,ME,Maine,551#38#267
2015-06-16 11:33:00,28,123,2,USD,1,136,28,1486,Sugar Hill,NH,New Hampshire,552#28#123
2015-06-16 15:33:00,75,204,2,EUR,28,155,16,1153,Newton Center,MA,Massachusetts,553#75#204
2015-06-16 16:04:00,10,157,1,GBP,3,188,10,1191,Vineyard Haven,MA,Massachusetts,554#10#157
2015-06-17 10:57:00,72,148,2,EUR,22,118,24,1665,Yarmouth,ME,Maine,555#72#148
2015-06-17 10:57:00,77,214,3,GBP,1,150,22,724,Guaynabo,PR,Puerto Rico,556#77#214
2015-06-17 13:49:00,9,73,1,USD,19,165,17,1441,Wilmot,NH,New Hampshire,557#9#73
2015-06-17 13:49:00,71,30,3,USD,3,121,15,1096,Malden,MA,Massachusetts,558#71#30
2015-06-17 14:04:00,51,248,1,USD,3,142,23,1477,Bretton Woods,NH,New Hampshire,559#51#248
2015-06-17 17:44:00,66,197,3,GBP,27,10,6,697,San Juan,PR,Puerto Rico,560#66#197
2015-06-17 17:44:00,38,158,2,GBP,27,20,4,1766,East Millinocket,ME,Maine,561#38#158
2015-06-18 09:23:00,18,196,2,USD,5,149,22,762,Leverett,MA,Massachusetts,562#18#196
2015-06-18 09:23:00,45,262,2,EUR,1,87,22,721,Guaynabo,PR,Puerto Rico,563#45#262
2015-06-18 09:43:00,65,259,1,EUR,9,154,5,1556,Hampton Falls,NH,New Hampshire,564#65#259
2015-06-18 09:43:00,14,137,1,EUR,1,92,11,1033,South Hamilton,MA,Massachusetts,565#14#137
2015-06-18 09:43:00,50,170,1,EUR,11,149,11,1944,Hope,ME,Maine,566#50#170
2015-06-18 20:13:00,18,76,1,EUR,17,144,24,1042,East Walpole,MA,Massachusetts,567#18#76
2015-06-18 20:13:00,6,172,1,USD,8,131,14,1898,Swans Island,ME,Maine,568#6#172
2015-06-19 09:20:00,12,269,3,USD,19,113,19,642,Vega Baja,PR,Puerto Rico,569#12#269
2015-06-19 09:20:00,67,235,1,EUR,1,130,21,870,Ashburnham,MA,Massachusetts,570#67#235
2015-06-21 09:07:00,58,256,2,EUR,15,85,14,1976,Detroit,ME,Maine,571#58#256
2015-06-21 09:07:00,5,69,1,EUR,9,123,10,1587,South Tamworth,NH,New Hampshire,572#5#69
2015-06-21 14:44:00,56,251,1,GBP,2,110,24,1899,Wesley,ME,Maine,573#56#251
2015-06-21 14:44:00,72,57,3,EUR,28,123,26,1444,Woodstock,NH,New Hampshire,574#72#57
2015-06-22 10:39:00,27,86,1,EUR,24,163,17,1767,East Orland,ME,Maine,575#27#86
2015-06-22 14:55:00,5,286,1,EUR,18,112,12,1360,Hollis,NH,New Hampshire,576#5#286
2015-06-23 09:27:00,43,249,2,GBP,1,123,18,1485,Lisbon,NH,New Hampshire,577#43#249
2015-06-23 09:27:00,6,100,1,USD,22,85,18,1358,Greenfield,NH,New Hampshire,578#6#100
2015-06-23 18:52:00,65,133,2,EUR,9,114,30,1338,Providence,RI,Rhode Island,579#65#133
2015-06-23 18:52:00,51,174,1,GBP,10,138,30,1511,Grantham,NH,New Hampshire,580#51#174
2015-06-24 12:05:00,26,97,3,USD,12,101,14,784,Westfield,MA,Massachusetts,581#26#97
2015-06-24 12:30:00,15,76,1,USD,23,124,22,1214,North Chatham,MA,Massachusetts,582#15#76
2015-06-24 13:15:00,45,203,1,EUR,25,98,19,713,Sabana Seca,PR,Puerto Rico,583#45#203
2015-06-24 16:23:00,5,36,2,USD,18,106,24,1516,Lyme,NH,New Hampshire,584#5#36
2015-06-24 18:12:00,20,264,1,EUR,26,90,26,1788,Milo,ME,Maine,585#20#264
2015-06-25 09:14:00,28,27,2,GBP,18,150,20,1651,Scarborough,ME,Maine,586#28#27
2015-06-25 09:39:00,52,87,3,USD,24,144,10,932,West Boylston,MA,Massachusetts,587#52#87
2015-06-25 09:43:00,34,157,3,GBP,19,173,20,1747,Abbot,ME,Maine,588#34#157
2015-06-25 09:43:00,64,257,2,GBP,23,128,28,1848,Blue Hill,ME,Maine,589#64#257
2015-06-25 12:16:00,8,115,1,GBP,23,114,24,1959,Warren,ME,Maine,590#8#115
2015-06-26 16:47:00,67,278,2,GBP,16,172,29,1310,Rockville,RI,Rhode Island,591#67#278
2015-06-26 16:47:00,16,210,1,USD,10,142,19,1338,Providence,RI,Rhode Island,592#16#210
2015-06-26 16:47:00,2,258,1,EUR,20,119,20,1345,Cranston,RI,Rhode Island,593#2#258
2015-06-27 09:16:00,54,179,3,EUR,19,106,17,1720,Bowdoin,ME,Maine,594#54#179
2015-06-27 18:17:00,69,228,1,EUR,18,187,28,1390,Barnstead,NH,New Hampshire,595#69#228
2015-06-27 18:17:00,20,242,2,GBP,16,142,28,1161,Waban,MA,Massachusetts,596#20#242
2015-06-28 10:28:00,36,105,3,EUR,20,121,22,867,Warwick,MA,Massachusetts,597#36#105
2015-06-28 13:25:00,55,233,3,USD,24,166,11,1086,Brighton,MA,Massachusetts,598#55#233
2015-06-28 18:30:00,41,154,2,EUR,17,101,29,1509,Georges Mills,NH,New Hampshire,599#41#154
2015-06-28 18:30:00,66,1,2,GBP,18,140,23,991,Lowell,MA,Massachusetts,600#66#1
2015-06-28 18:30:00,45,72,1,GBP,23,175,18,684,Comerio,PR,Puerto Rico,601#45#72
2015-06-28 18:30:00,50,161,2,EUR,1,122,11,1021,Ipswich,MA,Massachusetts,602#50#161
2015-06-28 19:19:00,28,62,1,USD,8,134,29,1272,Block Island,RI,Rhode Island,603#28#62
2015-06-28 19:19:00,2,264,3,USD,26,175,29,924,Spencer,MA,Massachusetts,604#2#264
2015-06-28 20:12:00,56,136,3,USD,12,176,19,1100,Winthrop,MA,Massachusetts,605#56#136
2015-06-28 20:12:00,43,168,3,GBP,13,154,17,1337,North Providence,RI,Rhode Island,606#43#168
2015-06-28 20:12:00,25,21,2,USD,18,132,29,1062,Wrentham,MA,Massachusetts,607#25#21
2015-06-29 09:09:00,52,139,2,GBP,13,85,3,1544,East Kingston,NH,New Hampshire,608#52#139
2015-06-29 09:09:00,6,270,1,EUR,9,131,14,1325,Wood River Junction,RI,Rhode Island,609#6#270
2015-06-29 09:09:00,42,57,1,GBP,11,140,19,1830,Round Pond,ME,Maine,610#42#57
2015-06-29 09:09:00,48,202,2,EUR,14,132,10,848,Deerfield,MA,Massachusetts,611#48#202
2015-06-29 09:28:00,67,281,3,EUR,20,95,19,1386,Bedford,NH,New Hampshire,612#67#281
2015-06-29 09:28:00,45,91,3,USD,28,112,29,777,Southwick,MA,Massachusetts,613#45#91
2015-06-29 11:54:00,15,99,2,EUR,22,125,21,1262,Rochester,MA,Massachusetts,614#15#99
2015-06-29 14:03:00,19,88,2,USD,9,102,25,1075,Dorchester,MA,Massachusetts,615#19#88
2015-06-29 14:03:00,48,251,2,GBP,13,173,28,1662,Westbrook,ME,Maine,616#48#251
2015-06-29 15:03:00,32,177,2,EUR,10,158,17,1711,Poland,ME,Maine,617#32#177
2015-06-29 15:03:00,23,69,3,EUR,1,160,25,1287,Harrisville,RI,Rhode Island,618#23#69
2015-06-29 15:03:00,37,31,1,EUR,24,157,18,922,South Grafton,MA,Massachusetts,619#37#31
2015-06-30 12:13:00,64,290,2,USD,21,181,23,1928,Portage,ME,Maine,620#64#290
2015-06-30 12:13:00,21,290,3,GBP,28,184,28,1811,Wytopitlock,ME,Maine,621#21#290
2015-06-30 12:53:00,36,253,1,USD,29,127,30,1399,Contoocook,NH,New Hampshire,622#36#253
2015-06-30 13:32:00,34,114,2,USD,18,177,14,1927,Perham,ME,Maine,623#34#114
2015-06-30 15:16:00,15,255,3,GBP,13,138,12,1434,Warner,NH,New Hampshire,624#15#255
2015-06-30 15:27:00,24,271,1,EUR,12,175,3,1637,Lovell,ME,Maine,625#24#271
2015-06-30 15:27:00,52,201,2,EUR,8,189,20,1439,Springfield,NH,New Hampshire,626#52#201
2015-06-30 15:27:00,50,230,3,GBP,13,136,29,1404,Franklin,NH,New Hampshire,627#50#230
2015-06-30 17:52:00,47,228,3,USD,23,95,22,1929,Presque Isle,ME,Maine,628#47#228
2015-06-30 18:00:00,63,253,2,GBP,8,160,11,1750,Bradley,ME,Maine,629#63#253
2015-06-30 18:00:00,77,82,1,USD,20,78,13,1530,Alton Bay,NH,New Hampshire,630#77#82
2015-06-30 20:47:00,2,104,1,GBP,9,84,14,1109,Milton,MA,Massachusetts,631#2#104
2015-07-02 11:07:09,49,93,3,USD,26,164,29,1925,Oxbow,ME,Maine,632#49#93
2015-07-02 11:07:09,17,39,2,USD,6,95,27,1385,Manchester,NH,New Hampshire,633#17#39
2015-07-02 11:07:09,29,132,2,USD,29,176,28,1944,Hope,ME,Maine,634#29#132
2015-07-02 11:07:09,4,193,1,EUR,5,88,24,971,Stow,MA,Massachusetts,635#4#193
2015-07-03 16:59:22,60,206,1,GBP,10,174,30,993,Lowell,MA,Massachusetts,636#60#206
2015-07-03 16:59:22,70,256,3,USD,8,166,13,1783,Lincoln,ME,Maine,637#70#256
2015-07-05 07:36:06,31,160,3,GBP,22,151,22,1808,West Enfield,ME,Maine,638#31#160
2015-07-05 08:40:47,74,147,3,GBP,16,83,27,1045,Hingham,MA,Massachusetts,639#74#147
2015-07-05 08:40:47,67,144,2,GBP,17,147,24,657,Caguas,PR,Puerto Rico,640#67#144
2015-07-05 08:40:47,36,107,3,EUR,12,110,19,1260,Raynham,MA,Massachusetts,641#36#107
2015-07-05 19:15:28,64,260,1,USD,7,107,28,1140,Rockland,MA,Massachusetts,642#64#260
2015-07-05 19:15:28,68,222,3,GBP,17,124,25,1527,Woodsville,NH,New Hampshire,643#68#222
2015-07-06 04:23:04,69,268,1,GBP,4,131,29,1567,New Durham,NH,New Hampshire,644#69#268
2015-07-06 05:22:23,74,186,1,USD,9,187,24,1765,Holden,ME,Maine,645#74#186
2015-07-06 13:39:03,54,64,3,USD,27,160,20,775,South Barre,MA,Massachusetts,646#54#64
2015-07-06 13:39:03,23,93,2,USD,4,124,27,1567,New Durham,NH,New Hampshire,647#23#93
2015-07-07 00:24:07,57,97,1,EUR,16,85,18,919,Rutland,MA,Massachusetts,648#57#97
2015-07-07 00:24:07,57,145,1,EUR,9,78,21,1727,East Winthrop,ME,Maine,649#57#145
2015-07-07 11:57:05,2,77,1,EUR,6,127,30,1701,Minot,ME,Maine,650#2#77
2015-07-07 11:57:05,75,139,2,EUR,25,182,10,1795,Orrington,ME,Maine,651#75#139
2015-07-07 11:57:05,55,206,1,EUR,24,150,20,1681,Canton,ME,Maine,652#55#206
2015-07-08 08:40:45,6,80,1,GBP,25,80,22,875,East Templeton,MA,Massachusetts,653#6#80
2015-07-09 13:03:58,39,198,2,USD,20,123,13,1796,Passadumkeag,ME,Maine,654#39#198
2015-07-09 16:18:50,76,161,3,GBP,22,81,13,1661,West Baldwin,ME,Maine,655#76#161
2015-07-09 16:18:50,51,101,2,EUR,8,113,22,1713,Rumford,ME,Maine,656#51#101
2015-07-09 16:18:50,51,119,3,EUR,8,106,24,1901,Winter Harbor,ME,Maine,657#51#119
2015-07-10 00:43:44,7,279,1,USD,29,120,20,1781,Lee,ME,Maine,658#7#279
2015-07-10 17:30:47,6,222,1,EUR,5,162,25,1522,Piermont,NH,New Hampshire,659#6#222
2015-07-10 17:30:47,68,101,2,EUR,21,85,12,749,Feeding Hills,MA,Massachusetts,660#68#101
2015-07-11 09:01:14,54,45,2,GBP,7,131,23,843,Bernardston,MA,Massachusetts,661#54#45
2015-07-12 03:41:09,51,132,2,EUR,11,156,15,754,Hadley,MA,Massachusetts,662#51#132
2015-07-12 03:41:09,51,6,2,USD,27,92,19,1374,Raymond,NH,New Hampshire,663#51#6
2015-07-12 11:23:56,59,288,3,USD,17,139,25,1965,Belgrade,ME,Maine,664#59#288
2015-07-12 11:23:56,71,42,2,GBP,24,155,21,1498,Lempster,NH,New Hampshire,665#71#42
2015-07-13 07:47:58,71,38,1,GBP,17,20,8,615,Ciales,PR,Puerto Rico,666#71#38
2015-07-13 08:17:38,65,10,2,EUR,24,104,11,793,Woronoco,MA,Massachusetts,667#65#10
2015-07-13 13:49:42,48,242,1,GBP,24,112,27,1355,Fremont,NH,New Hampshire,668#48#242
2015-07-14 05:19:35,24,138,3,EUR,15,82,28,1996,New Sharon,ME,Maine,669#24#138
2015-07-14 05:19:35,58,120,3,EUR,19,174,25,1081,Charlestown,MA,Massachusetts,670#58#120
2015-07-14 06:23:36,35,111,3,GBP,21,161,15,1230,West Hyannisport,MA,Massachusetts,671#35#111
2015-07-14 09:37:15,59,32,2,EUR,15,119,28,726,Trujillo Alto,PR,Puerto Rico,672#59#32
2015-07-14 09:37:15,38,20,2,USD,16,99,29,969,Southborough,MA,Massachusetts,673#38#20
2015-07-14 09:37:15,12,4,2,USD,20,158,24,805,Springfield,MA,Massachusetts,674#12#4
2015-07-14 15:26:35,1,146,2,USD,29,130,12,826,North Adams,MA,Massachusetts,675#1#146
2015-07-14 15:26:35,30,86,3,GBP,21,194,10,691,San Juan,PR,Puerto Rico,676#30#86
2015-07-14 15:26:35,52,22,1,EUR,14,156,15,632,Rincon,PR,Puerto Rico,677#52#22
2015-07-14 15:26:35,75,93,2,USD,26,72,20,1392,Bradford,NH,New Hampshire,678#75#93
2015-07-15 06:09:54,26,121,3,USD,20,155,13,1698,Greenwood,ME,Maine,679#26#121
2015-07-15 08:23:10,28,24,2,EUR,13,124,26,1196,Hyannis,MA,Massachusetts,680#28#24
2015-07-15 12:52:22,68,236,2,USD,12,96,28,725,Guaynabo,PR,Puerto Rico,681#68#236
2015-07-15 12:52:22,71,87,3,USD,15,156,22,1414,Gilford,NH,New Hampshire,682#71#87
2015-07-15 12:52:22,50,38,2,USD,3,79,19,1272,Block Island,RI,Rhode Island,683#50#38
2015-07-15 17:24:56,25,33,3,EUR,15,170,13,1497,Drewsville,NH,New Hampshire,684#25#33
2015-07-16 15:02:49,42,242,3,EUR,9,88,11,1450,Antrim,NH,New Hampshire,685#42#242
2015-07-18 03:30:36,12,129,2,USD,18,150,25,774,Southampton,MA,Massachusetts,686#12#129
2015-07-18 14:03:23,26,207,2,USD,25,114,17,918,Rochdale,MA,Massachusetts,687#26#207
2015-07-18 14:03:23,13,144,1,EUR,11,170,29,847,Conway,MA,Massachusetts,688#13#144
2015-07-19 15:39:31,48,170,2,EUR,16,175,20,1785,Medway,ME,Maine,689#48#170
2015-07-19 15:39:31,45,78,2,USD,18,154,13,1135,Plymouth,MA,Massachusetts,690#45#78
2015-07-19 16:35:01,41,250,3,GBP,6,172,27,1764,Eddington,ME,Maine,691#41#250
2015-07-19 17:20:43,18,102,2,GBP,1,77,17,1988,Hinckley,ME,Maine,692#18#102
2015-07-19 17:20:43,67,238,1,GBP,14,120,14,804,Springfield,MA,Massachusetts,693#67#238
2015-07-20 00:16:51,17,145,3,USD,20,120,22,1651,Scarborough,ME,Maine,694#17#145
2015-07-20 00:16:51,67,6,2,EUR,4,186,24,1038,Canton,MA,Massachusetts,695#67#6
2015-07-21 03:54:58,21,272,3,EUR,20,167,20,1934,Stacyville,ME,Maine,696#21#272
2015-07-21 05:54:59,58,95,3,USD,2,102,24,930,Dudley,MA,Massachusetts,697#58#95
2015-07-24 06:45:44,10,7,1,GBP,27,93,20,721,Guaynabo,PR,Puerto Rico,698#10#7
2015-07-25 04:43:16,66,110,2,USD,9,93,25,1833,Trevett,ME,Maine,699#66#110
2015-07-25 04:43:16,58,80,3,EUR,1,183,23,1539,Dover,NH,New Hampshire,700#58#80
2015-07-25 04:43:16,66,120,1,GBP,14,181,24,1562,Melvin Village,NH,New Hampshire,701#66#120
2015-07-25 06:09:05,40,260,3,GBP,15,122,28,791,Wilbraham,MA,Massachusetts,702#40#260
2015-07-27 05:47:58,29,74,1,USD,21,136,19,1659,Waterford,ME,Maine,703#29#74
2015-07-27 05:47:58,75,217,3,USD,16,158,28,1806,Vanceboro,ME,Maine,704#75#217
2015-07-27 05:47:58,6,9,1,GBP,20,98,26,1409,Henniker,NH,New Hampshire,705#6#9
2015-07-28 04:21:29,2,277,3,USD,20,138,19,1736,Mount Vernon,ME,Maine,706#2#277
2015-07-28 04:21:29,1,13,3,EUR,13,180,25,1864,Grand Lake Stream,ME,Maine,707#1#13
2015-07-28 04:21:29,25,106,2,EUR,2,146,24,969,Southborough,MA,Massachusetts,708#25#106
2015-07-28 07:51:59,28,175,2,GBP,26,115,18,1056,Scituate,MA,Massachusetts,709#28#175
2015-07-28 07:51:59,51,273,2,USD,12,90,22,1370,Nashua,NH,New Hampshire,710#51#273
2015-07-28 13:07:18,36,114,3,USD,1,150,24,635,Mayaguez,PR,Puerto Rico,711#36#114
2015-07-29 00:01:32,18,150,2,GBP,7,171,30,645,Aguas Buenas,PR,Puerto Rico,712#18#150
2015-07-29 00:01:32,31,80,2,GBP,4,151,13,1507,Enfield,NH,New Hampshire,713#31#80
2015-07-31 05:12:38,18,234,1,EUR,17,117,30,1766,East Millinocket,ME,Maine,714#18#234
2015-07-31 05:12:38,74,41,1,EUR,28,152,22,960,Hopedale,MA,Massachusetts,715#74#41
2015-07-31 17:54:23,21,17,2,USD,8,173,21,635,Mayaguez,PR,Puerto Rico,716#21#17
2015-07-31 19:08:00,50,239,2,USD,2,177,21,1804,Stillwater,ME,Maine,717#50#239
2015-08-01 04:07:17,14,280,3,GBP,3,124,28,1409,Henniker,NH,New Hampshire,718#14#280
2015-08-01 08:23:29,28,31,1,EUR,24,84,13,690,Juana Diaz,PR,Puerto Rico,719#28#31
2015-08-01 14:28:02,52,154,3,USD,3,135,21,728,Carolina,PR,Puerto Rico,720#52#154
2015-08-01 14:28:02,69,286,2,GBP,28,99,11,1628,Harrison,ME,Maine,721#69#286
2015-08-02 02:46:43,76,60,1,EUR,4,131,28,707,San Juan,PR,Puerto Rico,722#76#60
2015-08-02 02:46:43,47,234,3,GBP,28,129,14,1151,Babson Park,MA,Massachusetts,723#47#234
2015-08-02 02:46:43,74,29,2,GBP,27,146,18,1502,Bath,NH,New Hampshire,724#74#29
2015-08-02 16:54:44,24,60,2,EUR,13,149,30,1048,Mansfield,MA,Massachusetts,725#24#60
2015-08-03 02:05:44,15,257,3,GBP,13,149,14,1119,Brockton,MA,Massachusetts,726#15#257
2015-08-03 02:05:44,46,76,2,USD,29,112,16,1124,East Bridgewater,MA,Massachusetts,727#46#76
2015-08-03 02:05:44,9,119,3,GBP,7,136,20,1782,Levant,ME,Maine,728#9#119
2015-08-03 02:05:44,77,190,3,EUR,28,127,25,1967,Bingham,ME,Maine,729#77#190
2015-08-03 02:05:44,19,33,1,EUR,1,147,21,1230,West Hyannisport,MA,Massachusetts,730#19#33
2015-08-03 08:18:41,68,195,3,USD,27,168,10,1010,Saugus,MA,Massachusetts,731#68#195
2015-08-03 13:01:57,11,27,3,USD,26,135,15,1226,West Barnstable,MA,Massachusetts,732#11#27
2015-08-03 13:01:57,51,83,3,EUR,5,117,17,1107,Stoneham,MA,Massachusetts,733#51#83
2015-08-03 13:01:57,70,94,3,GBP,5,78,22,1874,Lubec,ME,Maine,734#70#94
2015-08-03 17:20:20,38,87,2,USD,1,159,22,1901,Winter Harbor,ME,Maine,735#38#87
2015-08-05 01:31:14,31,95,1,GBP,28,9,6,648,Maunabo,PR,Puerto Rico,736#31#95
2015-08-05 01:31:14,45,228,2,USD,2,139,20,1095,Somerville,MA,Massachusetts,737#45#228
2015-08-05 01:31:14,27,178,3,USD,29,95,18,1789,Monson,ME,Maine,738#27#178
2015-08-05 11:52:50,8,250,3,GBP,28,117,20,1286,Greenville,RI,Rhode Island,739#8#250
2015-08-05 11:52:50,4,185,1,EUR,16,99,15,1469,Stoddard,NH,New Hampshire,740#4#185
2015-08-06 03:42:26,7,232,3,EUR,10,174,26,1510,Goshen,NH,New Hampshire,741#7#232
2015-08-06 03:42:26,61,148,3,GBP,8,137,16,1172,Cataumet,MA,Massachusetts,742#61#148
2015-08-06 05:38:08,44,282,1,GBP,9,129,27,1117,Boston,MA,Massachusetts,743#44#282
2015-08-06 13:47:21,20,3,2,GBP,3,175,28,1757,Greenbush,ME,Maine,744#20#3
2015-08-08 01:45:56,15,87,2,USD,10,160,25,792,Williamsburg,MA,Massachusetts,745#15#87
2015-08-08 04:48:44,59,196,2,USD,17,132,21,1023,Manchester,MA,Massachusetts,746#59#196
2015-08-08 08:16:40,6,168,2,USD,13,114,17,1644,Old Orchard Beach,ME,Maine,747#6#168
2015-08-08 17:58:58,66,255,3,EUR,6,112,14,976,Andover,MA,Massachusetts,748#66#255
2015-08-09 05:32:16,50,71,3,GBP,5,137,11,882,Lunenburg,MA,Massachusetts,749#50#71
2015-08-09 17:21:52,13,177,2,GBP,14,143,15,722,Guaynabo,PR,Puerto Rico,750#13#177
2015-08-09 17:21:52,33,164,1,GBP,18,170,24,665,Fajardo,PR,Puerto Rico,751#33#164
2015-08-09 17:21:52,73,35,2,EUR,11,186,14,852,Lake Pleasant,MA,Massachusetts,752#73#35
2015-08-10 13:46:54,47,286,1,GBP,13,139,10,1164,Arlington,MA,Massachusetts,753#47#286
2015-08-11 06:15:55,56,74,2,USD,13,136,29,933,West Brookfield,MA,Massachusetts,754#56#74
2015-08-11 17:36:52,68,199,3,EUR,10,132,26,1228,West Dennis,MA,Massachusetts,755#68#199
2015-08-11 19:16:16,41,89,3,USD,3,122,24,1594,Berwick,ME,Maine,756#41#89
2015-08-12 10:43:22,1,189,2,GBP,13,150,25,1943,Camden,ME,Maine,757#1#189
2015-08-13 00:49:24,75,86,3,USD,5,130,15,661,Ponce,PR,Puerto Rico,758#75#86
2015-08-13 00:49:24,51,236,2,EUR,22,154,11,1420,New London,NH,New Hampshire,759#51#236
2015-08-13 13:18:52,57,169,2,USD,1,114,30,1465,Nelson,NH,New Hampshire,760#57#169
2015-08-13 13:18:52,29,243,3,EUR,23,103,26,1377,Temple,NH,New Hampshire,761#29#243
2015-08-13 13:18:52,71,74,1,USD,5,63,13,656,Patillas,PR,Puerto Rico,762#71#74
2015-08-13 15:48:59,67,267,2,GBP,16,96,21,1754,Brownville Junction,ME,Maine,763#67#267
2015-08-13 19:38:47,22,58,3,GBP,11,98,10,1868,Hulls Cove,ME,Maine,764#22#58
2015-08-14 00:46:40,12,246,3,EUR,11,90,28,661,Ponce,PR,Puerto Rico,765#12#246
2015-08-14 02:37:56,75,1,3,GBP,4,105,11,721,Guaynabo,PR,Puerto Rico,766#75#1
2015-08-14 02:37:56,39,170,2,GBP,25,118,27,1302,Pascoag,RI,Rhode Island,767#39#170
2015-08-14 18:39:37,8,158,1,GBP,22,85,21,1037,Bellingham,MA,Massachusetts,768#8#158
2015-08-15 04:56:37,45,30,2,EUR,15,139,12,1076,Dorchester Center,MA,Massachusetts,769#45#30
2015-08-15 04:56:37,36,39,2,USD,24,117,12,939,Worcester,MA,Massachusetts,770#36#39
2015-08-16 04:25:22,4,71,2,USD,12,112,13,1065,Boston,MA,Massachusetts,771#4#71
2015-08-16 04:46:24,35,291,2,USD,22,130,12,1707,North Waterford,ME,Maine,772#35#291
2015-08-16 04:46:24,10,73,1,EUR,15,125,24,1827,Pemaquid,ME,Maine,773#10#73
2015-08-16 10:56:55,26,198,2,EUR,19,67,10,902,Holden,MA,Massachusetts,774#26#198
2015-08-16 14:40:07,67,44,1,GBP,26,115,20,714,Toa Alta,PR,Puerto Rico,775#67#44
2015-08-17 10:13:42,73,119,3,GBP,25,140,15,1731,Hallowell,ME,Maine,776#73#119
2015-08-17 10:13:42,67,131,3,EUR,25,84,12,1463,Marlborough,NH,New Hampshire,777#67#131
2015-08-17 13:28:33,47,122,3,EUR,16,91,24,1129,Middleboro,MA,Massachusetts,778#47#122
2015-08-18 02:24:45,12,129,1,USD,23,110,30,1423,North Sutton,NH,New Hampshire,779#12#129
2015-08-18 02:24:45,19,272,1,EUR,25,138,27,1805,Topsfield,ME,Maine,780#19#272
2015-08-18 14:21:51,66,81,1,GBP,12,127,21,1594,Berwick,ME,Maine,781#66#81
2015-08-18 14:21:51,60,184,2,GBP,7,99,23,1199,Centerville,MA,Massachusetts,782#60#184
2015-08-18 14:21:51,14,142,2,USD,17,89,25,983,Georgetown,MA,Massachusetts,783#14#142
2015-08-19 08:26:26,21,278,2,USD,16,118,14,1287,Harrisville,RI,Rhode Island,784#21#278
2015-08-19 08:26:26,62,79,2,USD,25,148,20,1036,West Newbury,MA,Massachusetts,785#62#79
2015-08-19 10:36:19,26,33,2,USD,21,79,10,867,Warwick,MA,Massachusetts,786#26#33
2015-08-20 12:52:23,63,10,2,GBP,11,140,19,915,North Oxford,MA,Massachusetts,787#63#10
2015-08-20 17:12:33,74,205,1,EUR,3,130,16,1259,Norton,MA,Massachusetts,788#74#205
2015-08-20 17:12:33,63,86,2,GBP,29,76,22,1852,Cherryfield,ME,Maine,789#63#86
2015-08-20 17:12:33,76,213,3,GBP,11,90,14,1036,West Newbury,MA,Massachusetts,790#76#213
2015-08-20 17:12:33,52,39,3,USD,28,136,21,635,Mayaguez,PR,Puerto Rico,791#52#39
2015-08-20 17:12:33,8,84,2,GBP,22,105,15,889,West Townsend,MA,Massachusetts,792#8#84
2015-08-21 14:18:28,51,63,2,GBP,25,117,22,1382,Manchester,NH,New Hampshire,793#51#63
2015-08-21 14:18:28,56,269,1,GBP,11,97,15,1181,Monument Beach,MA,Massachusetts,794#56#269
2015-08-21 14:18:28,41,221,2,USD,28,126,19,1807,Waite,ME,Maine,795#41#221
2015-08-21 17:56:40,41,35,3,GBP,6,108,29,1228,West Dennis,MA,Massachusetts,796#41#35
2015-08-21 17:56:40,19,104,3,EUR,25,158,20,1080,East Boston,MA,Massachusetts,797#19#104
2015-08-22 11:09:50,49,168,3,GBP,22,153,12,1323,West Kingston,RI,Rhode Island,798#49#168
2015-08-23 02:18:09,32,177,3,EUR,28,20,9,1596,Eliot,ME,Maine,799#32#177
2015-08-24 04:16:30,49,234,3,USD,11,147,26,1926,Patten,ME,Maine,800#49#234
2015-08-24 06:51:26,37,23,2,EUR,19,111,25,1944,Hope,ME,Maine,801#37#23
2015-08-25 17:10:23,77,93,2,EUR,28,15,10,1121,Bridgewater,MA,Massachusetts,802#77#93
2015-08-25 17:10:23,52,147,2,EUR,7,82,17,1129,Middleboro,MA,Massachusetts,803#52#147
2015-08-26 05:48:30,7,129,3,GBP,1,94,20,1592,West Ossipee,NH,New Hampshire,804#7#129
2015-08-26 19:31:34,27,190,1,USD,21,148,13,643,Vega Baja,PR,Puerto Rico,805#27#190
2015-08-27 13:58:57,24,110,1,USD,13,118,25,976,Andover,MA,Massachusetts,806#24#110
2015-08-27 13:58:57,66,74,1,GBP,25,116,26,942,Worcester,MA,Massachusetts,807#66#74
2015-08-28 13:14:24,2,8,3,GBP,20,163,10,783,West Chesterfield,MA,Massachusetts,808#2#8
2015-08-28 13:14:24,44,126,2,USD,3,146,24,1037,Bellingham,MA,Massachusetts,809#44#126
2015-08-28 19:21:46,19,161,2,USD,10,141,28,1832,Squirrel Island,ME,Maine,810#19#161
2015-08-29 12:49:25,19,131,3,USD,24,93,12,819,Lanesborough,MA,Massachusetts,811#19#131
2015-08-29 12:49:25,77,187,3,GBP,9,159,15,1629,Hiram,ME,Maine,812#77#187
2015-08-29 14:53:24,36,237,2,GBP,2,107,29,1093,Somerville,MA,Massachusetts,813#36#237
2015-08-29 14:53:24,50,104,2,USD,14,105,15,1208,Forestdale,MA,Massachusetts,814#50#104
2015-08-29 16:06:51,54,184,3,USD,5,101,19,673,Vieques,PR,Puerto Rico,815#54#184
2015-08-29 16:06:51,51,215,2,EUR,17,134,13,947,Framingham,MA,Massachusetts,816#51#215
2015-08-30 02:51:56,52,6,2,EUR,21,130,29,967,Natick,MA,Massachusetts,817#52#6
2015-08-30 02:51:56,34,194,3,GBP,9,91,11,906,Leicester,MA,Massachusetts,818#34#194
2015-08-30 02:51:56,5,161,2,USD,10,155,18,1553,Greenland,NH,New Hampshire,819#5#161
2015-08-30 02:51:56,43,68,2,EUR,24,163,16,1451,Ashuelot,NH,New Hampshire,820#43#68
2015-08-30 11:59:44,5,97,2,USD,4,132,12,1013,Amesbury,MA,Massachusetts,821#5#97
2015-08-30 11:59:44,57,183,1,EUR,17,172,27,1355,Fremont,NH,New Hampshire,822#57#183
2015-08-31 18:26:15,52,229,3,USD,11,167,12,1984,Farmington Falls,ME,Maine,823#52#229
2015-09-02 13:51:38,64,273,2,EUR,24,112,14,1117,Boston,MA,Massachusetts,824#64#273
2015-09-02 13:51:38,19,210,1,USD,28,110,26,804,Springfield,MA,Massachusetts,825#19#210
2015-09-02 13:51:38,72,24,3,GBP,24,129,22,1168,Needham,MA,Massachusetts,826#72#24
2015-09-03 09:36:08,38,30,3,GBP,28,139,27,1821,Georgetown,ME,Maine,827#38#30
2015-09-03 09:36:08,61,243,2,GBP,28,118,13,1614,Casco,ME,Maine,828#61#243
2015-09-04 06:28:00,5,172,2,GBP,17,89,11,706,San Juan,PR,Puerto Rico,829#5#172
2015-09-04 06:51:05,57,1,2,GBP,21,148,21,1941,Westfield,ME,Maine,830#57#1
2015-09-04 06:51:05,60,269,1,EUR,19,172,23,760,Huntington,MA,Massachusetts,831#60#269
2015-09-04 06:51:05,31,97,1,GBP,3,100,17,1664,West Newfield,ME,Maine,832#31#97
2015-09-04 08:56:45,12,206,1,USD,7,132,14,1990,Kingfield,ME,Maine,833#12#206
2015-09-04 18:33:27,29,173,1,USD,5,65,11,956,Carlisle,MA,Massachusetts,834#29#173
2015-09-05 00:56:24,15,169,1,EUR,9,141,10,769,Oakham,MA,Massachusetts,835#15#169
2015-09-05 02:34:16,13,47,2,EUR,9,169,12,1159,Auburndale,MA,Massachusetts,836#13#47
2015-09-05 02:34:16,16,103,3,GBP,12,166,30,792,Williamsburg,MA,Massachusetts,837#16#103
2015-09-06 04:14:32,44,36,2,EUR,6,135,24,1467,Rindge,NH,New Hampshire,838#44#36
2015-09-06 10:25:37,58,189,2,GBP,12,132,16,774,Southampton,MA,Massachusetts,839#58#189
2015-09-06 10:25:37,21,248,3,EUR,12,177,18,1017,Danvers,MA,Massachusetts,840#21#248
2015-09-07 02:21:31,12,67,1,GBP,2,94,17,1330,Providence,RI,Rhode Island,841#12#67
2015-09-08 03:14:09,28,145,3,USD,22,106,29,641,Vega Alta,PR,Puerto Rico,842#28#145
2015-09-08 15:48:19,31,199,3,GBP,28,91,11,1982,Farmington,ME,Maine,843#31#199
2015-09-09 01:27:05,9,272,2,USD,1,134,21,1354,Francestown,NH,New Hampshire,844#9#272
2015-09-09 02:01:50,46,198,1,GBP,10,129,10,1244,Somerset,MA,Massachusetts,845#46#198
2015-09-09 09:47:32,30,55,3,EUR,27,171,27,1146,Brookline,MA,Massachusetts,846#30#55
2015-09-09 09:47:32,73,177,1,EUR,21,127,21,612,Camuy,PR,Puerto Rico,847#73#177
2015-09-09 09:47:32,68,165,3,USD,16,103,30,1373,Pelham,NH,New Hampshire,848#68#165
2015-09-09 12:46:26,56,238,3,USD,1,144,14,733,Amherst,MA,Massachusetts,849#56#238
2015-09-09 16:22:00,25,277,1,GBP,24,105,17,768,North Hatfield,MA,Massachusetts,850#25#277
2015-09-11 15:52:41,41,121,3,USD,24,121,14,740,Chester,MA,Massachusetts,851#41#121
2015-09-11 15:52:41,13,291,2,USD,2,132,25,1582,Sandown,NH,New Hampshire,852#13#291
2015-09-11 17:00:50,61,264,2,USD,9,174,30,1710,Paris,ME,Maine,853#61#264
2015-09-11 18:06:25,27,82,2,GBP,10,111,15,1462,Jaffrey,NH,New Hampshire,854#27#82
2015-09-11 18:06:25,60,84,2,EUR,26,167,11,1019,Gloucester,MA,Massachusetts,855#60#84
2015-09-11 18:06:25,70,272,2,GBP,17,69,19,1676,Auburn,ME,Maine,856#70#272
2015-09-12 17:22:23,11,274,3,USD,20,126,16,1409,Henniker,NH,New Hampshire,857#11#274
2015-09-12 17:22:23,10,229,1,EUR,27,139,26,1612,Brownfield,ME,Maine,858#10#229
2015-09-13 02:57:50,75,49,3,EUR,22,137,22,969,Southborough,MA,Massachusetts,859#75#49
2015-09-13 02:57:50,53,234,1,USD,7,119,30,1836,Washington,ME,Maine,860#53#234
2015-09-13 02:57:50,4,203,3,GBP,20,91,11,1061,Westwood,MA,Massachusetts,861#4#203
2015-09-13 02:57:50,12,242,3,GBP,20,130,17,1454,Dublin,NH,New Hampshire,862#12#242
2015-09-13 10:08:36,15,95,2,GBP,22,113,30,1914,Frenchville,ME,Maine,863#15#95
2015-09-13 10:08:36,33,105,1,USD,29,169,30,985,Haverhill,MA,Massachusetts,864#33#105
2015-09-13 12:11:19,13,8,2,USD,1,87,11,1192,Wareham,MA,Massachusetts,865#13#8
2015-09-13 13:34:52,70,110,3,EUR,6,110,30,1677,Andover,ME,Maine,866#70#110
2015-09-14 03:28:57,11,99,2,GBP,4,105,15,1519,Newport,NH,New Hampshire,867#11#99
2015-09-14 06:24:29,22,55,2,EUR,27,79,18,764,Monson,MA,Massachusetts,868#22#55
2015-09-14 06:24:29,70,206,1,GBP,11,130,10,1376,Lyndeborough,NH,New Hampshire,869#70#206
2015-09-14 06:24:29,65,62,1,USD,6,104,16,1575,Plaistow,NH,New Hampshire,870#65#62
2015-09-14 08:40:03,69,35,3,USD,11,151,27,1867,Harrington,ME,Maine,871#69#35
2015-09-14 08:40:03,62,251,3,EUR,2,109,21,1912,Fort Fairfield,ME,Maine,872#62#251
2015-09-14 08:40:03,23,179,2,GBP,24,157,10,1228,West Dennis,MA,Massachusetts,873#23#179
2015-09-14 11:23:44,1,54,3,USD,10,118,25,1463,Marlborough,NH,New Hampshire,874#1#54
2015-09-14 18:11:14,72,33,1,GBP,3,81,24,1736,Mount Vernon,ME,Maine,875#72#33
2015-09-14 18:44:49,60,287,2,GBP,24,118,16,1977,Dexter,ME,Maine,876#60#287
2015-09-15 15:57:01,74,3,2,USD,1,112,15,897,Clinton,MA,Massachusetts,877#74#3
2015-09-15 15:57:01,63,94,1,USD,27,91,18,1272,Block Island,RI,Rhode Island,878#63#94
2015-09-16 18:16:38,41,155,2,GBP,28,127,27,711,Toa Baja,PR,Puerto Rico,879#41#155
2015-09-17 00:41:30,29,247,2,EUR,23,80,10,1260,Raynham,MA,Massachusetts,880#29#247
2015-09-17 00:41:30,65,129,3,EUR,18,165,30,1730,Randolph,ME,Maine,881#65#129
2015-09-18 09:45:03,33,9,3,USD,16,113,30,1070,Boston,MA,Massachusetts,882#33#9
2015-09-18 16:43:10,60,215,3,EUR,13,112,29,1817,Chamberlain,ME,Maine,883#60#215
2015-09-19 08:00:51,62,180,2,GBP,1,99,23,1289,Hope Valley,RI,Rhode Island,884#62#180
2015-09-19 08:00:51,62,184,3,EUR,17,115,19,1820,Friendship,ME,Maine,885#62#184
2015-09-21 11:32:07,26,123,1,GBP,18,82,10,621,Guanica,PR,Puerto Rico,886#26#123
2015-09-21 16:04:44,36,50,1,EUR,9,165,13,1649,Saco,ME,Maine,887#36#50
2015-09-22 09:15:37,44,61,3,EUR,5,156,30,772,Russell,MA,Massachusetts,888#44#61
2015-09-23 05:41:17,50,215,2,USD,26,115,18,1308,Portsmouth,RI,Rhode Island,889#50#215
2015-09-23 05:41:17,50,162,3,GBP,2,94,20,637,San Sebastian,PR,Puerto Rico,890#50#162
2015-09-23 16:12:14,37,263,3,GBP,10,179,19,752,Granby,MA,Massachusetts,891#37#263
2015-09-23 17:03:29,35,83,1,GBP,19,120,16,1602,York,ME,Maine,892#35#83
2015-09-23 17:03:29,58,89,3,EUR,11,189,19,900,Fiskdale,MA,Massachusetts,893#58#89
2015-09-23 18:58:47,21,280,1,EUR,1,100,18,1761,Danforth,ME,Maine,894#21#280
2015-09-23 18:58:47,47,204,2,GBP,11,110,18,632,Rincon,PR,Puerto Rico,895#47#204
2015-09-24 13:43:10,36,168,3,USD,1,135,15,691,San Juan,PR,Puerto Rico,896#36#168
2015-09-25 03:44:30,17,221,1,USD,21,114,17,1975,Corinna,ME,Maine,897#17#221
2015-09-25 13:08:43,6,55,3,GBP,20,108,26,1697,Livermore Falls,ME,Maine,898#6#55
2015-09-25 13:08:43,49,6,2,EUR,17,153,13,1596,Eliot,ME,Maine,899#49#6
2015-09-25 13:08:43,55,21,3,USD,27,135,22,1076,Dorchester Center,MA,Massachusetts,900#55#21
2015-09-26 18:01:46,58,63,3,USD,9,96,13,1241,Fall River,MA,Massachusetts,901#58#63
2015-09-26 18:01:46,42,249,3,GBP,28,134,24,1893,Southwest Harbor,ME,Maine,902#42#249
2015-09-26 18:01:46,18,17,1,GBP,16,90,13,940,Worcester,MA,Massachusetts,903#18#17
2015-09-27 19:06:43,44,164,1,EUR,1,106,15,1056,Scituate,MA,Massachusetts,904#44#164
2015-09-28 05:34:53,13,157,1,GBP,4,129,15,632,Rincon,PR,Puerto Rico,905#13#157
2015-09-28 15:37:37,48,99,2,USD,15,171,30,1116,Boston,MA,Massachusetts,906#48#99
2015-09-28 15:37:37,23,175,3,GBP,24,122,20,1140,Rockland,MA,Massachusetts,907#23#175
2015-09-28 15:37:37,28,55,1,USD,11,105,28,836,Tyringham,MA,Massachusetts,908#28#55
2015-09-29 17:47:05,4,7,2,GBP,25,93,19,1914,Frenchville,ME,Maine,909#4#7
2015-09-29 17:47:05,9,193,2,USD,27,131,11,1222,South Wellfleet,MA,Massachusetts,910#9#193
2015-09-29 17:47:05,60,185,2,USD,16,99,21,1971,Canaan,ME,Maine,911#60#185
2015-09-30 17:29:32,52,91,1,EUR,24,119,10,1053,Norfolk,MA,Massachusetts,912#52#91
2015-10-02 01:34:01,29,59,1,EUR,5,155,19,733,Amherst,MA,Massachusetts,913#29#59
2015-10-02 01:34:01,9,243,1,EUR,25,100,12,863,Shelburne Falls,MA,Massachusetts,914#9#243
2015-10-02 17:44:39,6,179,1,GBP,14,152,22,1450,Antrim,NH,New Hampshire,915#6#179
2015-10-02 19:50:33,62,13,3,EUR,17,148,15,1446,Concord,NH,New Hampshire,916#62#13
2015-10-03 11:27:15,50,266,3,EUR,22,65,19,1948,Monhegan,ME,Maine,917#50#266
2015-10-03 18:30:56,28,230,1,GBP,21,130,26,976,Andover,MA,Massachusetts,918#28#230
2015-10-03 18:30:56,40,230,1,EUR,24,103,11,1776,Hudson,ME,Maine,919#40#230
2015-10-03 18:30:56,39,246,3,GBP,18,163,23,774,Southampton,MA,Massachusetts,920#39#246
2015-10-03 18:30:56,57,197,2,GBP,28,161,19,1302,Pascoag,RI,Rhode Island,921#57#197
2015-10-04 10:14:35,38,23,3,GBP,5,121,24,1061,Westwood,MA,Massachusetts,922#38#23
2015-10-04 10:14:35,19,73,1,GBP,14,93,16,898,East Brookfield,MA,Massachusetts,923#19#73
2015-10-05 02:11:02,8,276,3,USD,19,140,24,1496,Charlestown,NH,New Hampshire,924#8#276
2015-10-05 12:38:44,43,22,1,EUR,5,129,27,1104,Quincy,MA,Massachusetts,925#43#22
2015-10-05 12:38:44,19,156,1,EUR,15,165,10,1634,Limerick,ME,Maine,926#19#156
2015-10-06 12:18:17,53,51,2,EUR,9,121,11,607,Bajadero,PR,Puerto Rico,927#53#51
2015-10-06 12:37:38,2,268,1,EUR,7,77,12,1937,Wallagrass,ME,Maine,928#2#268
2015-10-06 12:37:38,42,209,2,EUR,13,122,22,1372,New Ipswich,NH,New Hampshire,929#42#209
2015-10-06 12:55:29,22,236,3,USD,3,127,10,1968,Brooks,ME,Maine,930#22#236
2015-10-07 16:40:41,23,219,1,EUR,8,149,20,738,Bondsville,MA,Massachusetts,931#23#219
2015-10-07 16:40:41,65,197,3,USD,22,155,14,1763,Corinth,ME,Maine,932#65#197
2015-10-08 16:16:23,77,45,1,GBP,4,116,20,649,Arroyo,PR,Puerto Rico,933#77#45
2015-10-10 10:58:44,61,257,2,USD,16,81,16,1979,East Newport,ME,Maine,934#61#257
2015-10-10 10:58:44,45,88,1,GBP,28,116,30,794,Worthington,MA,Massachusetts,935#45#88
2015-10-11 07:22:35,22,279,2,USD,17,145,20,803,Springfield,MA,Massachusetts,936#22#279
2015-10-11 07:22:35,12,173,1,EUR,25,96,10,1643,Ocean Park,ME,Maine,937#12#173
2015-10-11 09:18:19,59,151,2,GBP,28,144,16,1869,Isle Au Haut,ME,Maine,938#59#151
2015-10-11 10:50:28,52,81,2,EUR,29,155,26,1654,Springvale,ME,Maine,939#52#81
2015-10-12 00:13:33,58,55,1,USD,8,116,13,876,Gardner,MA,Massachusetts,940#58#55
2015-10-12 07:45:42,68,46,3,EUR,9,93,15,1288,Hope,RI,Rhode Island,941#68#46
2015-10-12 07:45:42,36,13,2,GBP,4,184,23,1955,Tenants Harbor,ME,Maine,942#36#13
2015-10-12 08:50:22,23,138,1,GBP,26,195,16,687,La Plata,PR,Puerto Rico,943#23#138
2015-10-12 10:19:48,13,240,1,EUR,21,134,15,1004,Wilmington,MA,Massachusetts,944#13#240
2015-10-14 04:36:47,57,14,3,USD,9,176,16,1433,Tilton,NH,New Hampshire,945#57#14
2015-10-14 04:36:47,52,232,1,EUR,4,102,15,1297,Newport,RI,Rhode Island,946#52#232
2015-10-14 09:45:49,20,283,3,EUR,25,142,16,764,Monson,MA,Massachusetts,947#20#283
2015-10-14 09:45:49,5,41,3,GBP,19,154,25,1673,Peaks Island,ME,Maine,948#5#41
2015-10-14 10:25:19,70,217,2,EUR,8,100,19,1752,Brookton,ME,Maine,949#70#217
2015-10-14 10:25:19,5,185,2,USD,14,149,28,1717,Wayne,ME,Maine,950#5#185
2015-10-14 10:25:19,29,49,1,USD,12,86,18,1299,North Kingstown,RI,Rhode Island,951#29#49
2015-10-15 06:21:32,75,57,1,USD,2,154,22,1423,North Sutton,NH,New Hampshire,952#75#57
2015-10-15 06:21:32,53,8,2,EUR,25,178,27,1337,North Providence,RI,Rhode Island,953#53#8
2015-10-15 06:21:32,2,72,2,EUR,4,126,10,1142,West Bridgewater,MA,Massachusetts,954#2#72
2015-10-15 06:21:32,3,55,3,EUR,27,176,12,798,Longmeadow,MA,Massachusetts,955#3#55
2015-10-15 11:08:27,28,16,1,EUR,7,108,22,1801,Shirley Mills,ME,Maine,956#28#16
2015-10-15 11:08:27,46,76,1,EUR,25,187,30,1578,Rollinsford,NH,New Hampshire,957#46#76
2015-10-15 11:08:27,22,51,2,GBP,7,96,16,905,Lancaster,MA,Massachusetts,958#22#51
2015-10-15 11:08:27,13,240,3,EUR,4,134,23,1294,Manville,RI,Rhode Island,959#13#240
2015-10-15 13:44:48,47,252,1,GBP,7,77,13,1954,Spruce Head,ME,Maine,960#47#252
2015-10-15 14:42:13,51,1,1,EUR,20,62,29,1089,Cambridge,MA,Massachusetts,961#51#1
2015-10-15 17:57:33,42,293,2,GBP,5,146,10,1138,Plympton,MA,Massachusetts,962#42#293
2015-10-16 11:49:13,19,244,1,GBP,10,132,29,1073,Roxbury Crossing,MA,Massachusetts,963#19#244
2015-10-16 11:49:13,32,99,1,USD,22,152,28,1806,Vanceboro,ME,Maine,964#32#99
2015-10-16 11:49:13,65,185,1,GBP,28,118,21,951,Acton,MA,Massachusetts,965#65#185
2015-10-17 10:18:04,1,281,2,GBP,20,140,27,1285,Greene,RI,Rhode Island,966#1#281
2015-10-17 11:13:32,32,232,1,EUR,4,156,22,715,Bayamon,PR,Puerto Rico,967#32#232
2015-10-17 11:13:32,12,106,2,EUR,8,124,29,1847,Birch Harbor,ME,Maine,968#12#106
2015-10-17 17:39:50,49,247,1,GBP,27,117,28,1459,Hancock,NH,New Hampshire,969#49#247
2015-10-17 17:39:50,24,201,2,USD,16,122,22,999,Reading,MA,Massachusetts,970#24#201
2015-10-18 05:03:46,2,18,1,GBP,6,162,3,1758,Carmel,ME,Maine,971#2#18
2015-10-18 05:03:46,64,151,1,EUR,7,159,16,1468,Spofford,NH,New Hampshire,972#64#151
2015-10-18 08:25:33,53,41,3,USD,2,118,30,992,Lowell,MA,Massachusetts,973#53#41
2015-10-18 16:30:52,71,90,1,USD,26,112,18,974,Woburn,MA,Massachusetts,974#71#90
2015-10-18 16:31:18,55,39,2,GBP,26,135,22,1597,Kittery,ME,Maine,975#55#39
2015-10-20 09:05:29,74,161,3,EUR,19,87,13,873,Devens,MA,Massachusetts,976#74#161
2015-10-22 08:58:35,4,188,1,USD,2,121,11,1975,Corinna,ME,Maine,977#4#188
2015-10-22 08:58:35,75,273,2,GBP,7,178,27,1593,Wolfeboro,NH,New Hampshire,978#75#273
2015-10-22 10:38:30,16,84,1,EUR,26,122,11,1655,Standish,ME,Maine,979#16#84
2015-10-23 02:29:35,60,244,2,USD,28,124,17,1990,Kingfield,ME,Maine,980#60#244
2015-10-23 05:47:10,46,196,1,USD,13,114,23,1545,East Wakefield,NH,New Hampshire,981#46#196
2015-10-23 05:47:10,66,251,1,GBP,5,65,22,1481,Gorham,NH,New Hampshire,982#66#251
2015-10-23 09:08:06,3,53,2,USD,3,157,24,733,Amherst,MA,Massachusetts,983#3#53
2015-10-23 09:08:06,40,236,2,USD,9,121,26,1390,Barnstead,NH,New Hampshire,984#40#236
2015-10-23 19:08:37,77,229,3,GBP,13,137,17,1937,Wallagrass,ME,Maine,985#77#229
2015-10-23 19:08:37,71,249,1,EUR,11,106,10,979,Dracut,MA,Massachusetts,986#71#249
2015-10-23 19:08:37,65,87,1,GBP,12,118,26,1285,Greene,RI,Rhode Island,987#65#87
2015-10-23 19:08:37,49,139,3,GBP,4,120,23,1359,Greenville,NH,New Hampshire,988#49#139
2015-10-25 00:47:22,69,262,1,USD,27,94,10,1799,Sangerville,ME,Maine,989#69#262
2015-10-25 00:47:22,20,135,2,USD,27,146,18,1235,Cuttyhunk,MA,Massachusetts,990#20#135
2015-10-25 00:47:22,74,5,1,GBP,9,129,16,1082,Jamaica Plain,MA,Massachusetts,991#74#5
2015-10-25 07:19:50,13,75,1,USD,17,69,26,1935,Sinclair,ME,Maine,992#13#75
2015-10-25 15:27:55,14,253,3,USD,23,110,27,1456,Swanzey,NH,New Hampshire,993#14#253
2015-10-26 01:50:57,18,95,3,GBP,19,121,16,1695,Lisbon Falls,ME,Maine,994#18#95
2015-10-28 04:49:16,52,290,2,USD,10,147,17,931,Westborough,MA,Massachusetts,995#52#290
2015-10-28 04:49:16,33,284,1,USD,20,119,30,614,Sabana Grande,PR,Puerto Rico,996#33#284
2015-10-28 17:14:50,8,172,3,EUR,29,90,26,1195,Nantucket,MA,Massachusetts,997#8#172
2015-10-28 17:14:50,33,288,2,GBP,20,119,15,1695,Lisbon Falls,ME,Maine,998#33#288
2015-10-28 17:14:50,55,167,1,GBP,27,131,17,1838,Southport,ME,Maine,999#55#167
2015-10-29 01:50:24,57,29,2,USD,15,145,15,1570,Newton,NH,New Hampshire,1000#57#29
2015-10-29 01:50:24,34,217,1,USD,16,135,29,1538,Danville,NH,New Hampshire,1001#34#217
2015-10-29 03:14:11,70,125,3,GBP,2,174,27,708,Fort Buchanan,PR,Puerto Rico,1002#70#125
2015-10-29 14:43:28,26,272,3,GBP,24,135,22,1680,Buckfield,ME,Maine,1003#26#272
2015-10-29 14:43:28,65,258,2,GBP,21,111,26,792,Williamsburg,MA,Massachusetts,1004#65#258
2015-10-30 06:06:10,6,256,3,GBP,7,73,12,709,San Juan,PR,Puerto Rico,1005#6#256
2015-10-30 06:06:10,67,51,3,EUR,17,116,14,1657,Topsham,ME,Maine,1006#67#51
2015-10-30 06:06:10,21,146,1,USD,16,112,25,1592,West Ossipee,NH,New Hampshire,1007#21#146
2015-11-03 02:05:12,4,289,3,USD,5,83,25,1441,Wilmot,NH,New Hampshire,1008#4#289
2015-11-03 02:05:12,22,76,1,USD,25,73,16,1279,Coventry,RI,Rhode Island,1009#22#76
2015-11-04 19:52:54,27,190,2,GBP,13,149,23,1087,Hyde Park,MA,Massachusetts,1010#27#190
2015-11-04 19:52:54,68,112,1,EUR,23,97,15,1832,Squirrel Island,ME,Maine,1011#68#112
2015-11-05 00:56:31,34,237,3,EUR,28,123,21,1446,Concord,NH,New Hampshire,1012#34#237
2015-11-05 00:56:31,52,115,1,GBP,25,162,20,1512,Guild,NH,New Hampshire,1013#52#115
2015-11-05 07:00:22,31,110,2,USD,27,116,14,1828,Phippsburg,ME,Maine,1014#31#110
2015-11-05 07:00:22,73,168,1,GBP,14,110,13,1605,Acton,ME,Maine,1015#73#168
2015-11-06 17:28:54,38,265,1,GBP,19,136,17,940,Worcester,MA,Massachusetts,1016#38#265
2015-11-06 18:26:52,6,276,3,EUR,4,143,21,1578,Rollinsford,NH,New Hampshire,1017#6#276
2015-11-06 18:26:52,55,50,3,EUR,14,99,13,1411,Hillsborough,NH,New Hampshire,1018#55#50
2015-11-08 05:14:51,34,5,1,USD,1,166,12,941,Worcester,MA,Massachusetts,1019#34#5
2015-11-08 07:38:04,21,140,2,USD,28,147,22,654,Naranjito,PR,Puerto Rico,1020#21#140
2015-11-09 01:23:10,41,181,1,USD,11,149,21,1397,Center Harbor,NH,New Hampshire,1021#41#181
2015-11-09 01:23:10,28,221,3,EUR,19,112,18,1230,West Hyannisport,MA,Massachusetts,1022#28#221
2015-11-09 04:38:52,44,20,3,USD,28,101,21,1604,York Harbor,ME,Maine,1023#44#20
2015-11-09 15:05:37,72,196,3,USD,13,93,11,1445,Concord,NH,New Hampshire,1024#72#196
2015-11-09 18:53:43,77,248,3,GBP,3,121,19,673,Vieques,PR,Puerto Rico,1025#77#248
2015-11-10 03:58:41,32,206,1,EUR,23,155,21,1309,Prudence Island,RI,Rhode Island,1026#32#206
2015-11-10 06:27:44,61,74,2,USD,14,128,10,1060,Walpole,MA,Massachusetts,1027#61#74
2015-11-10 06:27:44,28,251,3,USD,19,73,14,1592,West Ossipee,NH,New Hampshire,1028#28#251
2015-11-10 09:34:17,49,224,1,USD,13,162,25,1893,Southwest Harbor,ME,Maine,1029#49#224
2015-11-10 09:34:17,75,254,2,GBP,7,88,12,1919,Mapleton,ME,Maine,1030#75#254
2015-11-11 01:55:34,7,8,2,USD,11,115,21,1170,Needham Heights,MA,Massachusetts,1031#7#8
2015-11-11 03:22:25,4,38,3,GBP,2,138,24,1627,Gray,ME,Maine,1032#4#38
2015-11-12 04:25:06,61,33,2,EUR,3,109,18,1764,Eddington,ME,Maine,1033#61#33
2015-11-12 05:23:34,71,99,3,USD,12,116,23,1063,Boston,MA,Massachusetts,1034#71#99
2015-11-13 07:18:50,41,90,2,GBP,6,73,25,827,Otis,MA,Massachusetts,1035#41#90
2015-11-13 07:18:50,20,179,2,USD,6,120,10,656,Patillas,PR,Puerto Rico,1036#20#179
2015-11-13 07:29:27,61,182,3,EUR,19,87,17,796,Springfield,MA,Massachusetts,1037#61#182
2015-11-13 09:16:50,51,214,3,USD,20,87,16,1241,Fall River,MA,Massachusetts,1038#51#214
2015-11-13 09:16:50,38,257,2,EUR,16,129,14,1377,Temple,NH,New Hampshire,1039#38#257
2015-11-13 09:16:50,29,252,1,GBP,14,160,29,1325,Wood River Junction,RI,Rhode Island,1040#29#252
2015-11-13 16:09:07,52,66,3,GBP,10,173,29,1125,Halifax,MA,Massachusetts,1041#52#66
2015-11-15 18:45:46,49,122,3,EUR,23,131,16,1211,Hyannis Port,MA,Massachusetts,1042#49#122
2015-11-15 18:45:46,25,255,3,USD,24,128,25,1719,West Bethel,ME,Maine,1043#25#255
2015-11-17 03:36:11,45,184,2,EUR,26,199,17,1173,Chilmark,MA,Massachusetts,1044#45#184
2015-11-17 03:50:08,24,46,3,USD,15,113,30,1711,Poland,ME,Maine,1045#24#46
2015-11-18 03:09:46,73,127,1,GBP,24,161,14,1729,Gardiner,ME,Maine,1046#73#127
2015-11-18 07:19:43,30,252,1,EUR,2,119,21,870,Ashburnham,MA,Massachusetts,1047#30#252
2015-11-18 07:19:43,43,34,1,EUR,13,153,21,948,Framingham,MA,Massachusetts,1048#43#34
2015-11-18 16:19:27,60,263,3,GBP,2,189,15,956,Carlisle,MA,Massachusetts,1049#60#263
2015-11-18 16:19:27,42,105,1,EUR,7,129,27,1099,Revere,MA,Massachusetts,1050#42#105
2015-11-21 03:45:16,68,189,2,EUR,17,102,23,1179,Buzzards Bay,MA,Massachusetts,1051#68#189
2015-11-22 17:22:18,6,75,3,EUR,7,83,21,899,Douglas,MA,Massachusetts,1052#6#75
2015-11-22 17:22:18,3,201,1,USD,29,160,30,1631,Kennebunk,ME,Maine,1053#3#201
2015-11-25 03:49:55,67,251,1,GBP,6,167,23,1373,Pelham,NH,New Hampshire,1054#67#251
2015-11-25 03:55:32,17,68,1,USD,24,108,10,682,Gurabo,PR,Puerto Rico,1055#17#68
2015-11-25 06:41:13,50,183,2,EUR,23,117,27,1363,Londonderry,NH,New Hampshire,1056#50#183
2015-11-26 05:43:23,31,5,1,GBP,26,145,12,857,New Salem,MA,Massachusetts,1057#31#5
2015-11-26 05:43:23,75,156,3,GBP,10,149,26,876,Gardner,MA,Massachusetts,1058#75#156
2015-11-26 07:25:27,8,171,3,EUR,11,100,22,604,Maricao,PR,Puerto Rico,1059#8#171
2015-11-26 07:25:27,15,228,1,USD,2,122,16,1501,North Walpole,NH,New Hampshire,1060#15#228
2015-11-27 06:56:16,75,198,1,USD,27,97,30,932,West Boylston,MA,Massachusetts,1061#75#198
2015-11-27 06:56:16,56,5,2,USD,8,74,16,1274,Bristol,RI,Rhode Island,1062#56#5
2015-11-27 16:15:51,39,170,1,GBP,28,123,16,726,Trujillo Alto,PR,Puerto Rico,1063#39#170
2015-11-27 16:15:51,34,220,2,GBP,10,157,14,668,Punta Santiago,PR,Puerto Rico,1064#34#220
2015-11-28 10:12:33,17,180,2,USD,16,199,25,1951,Port Clyde,ME,Maine,1065#17#180
2015-11-28 10:12:33,42,176,1,USD,28,114,21,864,South Deerfield,MA,Massachusetts,1066#42#176
2015-11-28 10:12:33,52,258,2,EUR,25,146,19,820,Lee,MA,Massachusetts,1067#52#258
2015-11-29 19:55:06,38,160,3,GBP,14,81,12,1271,Barrington,RI,Rhode Island,1068#38#160
2015-12-01 04:16:19,40,178,1,GBP,10,101,25,920,Shrewsbury,MA,Massachusetts,1069#40#178
2015-12-01 04:16:19,9,64,1,USD,22,129,25,1201,Cotuit,MA,Massachusetts,1070#9#64
2015-12-01 04:16:19,26,191,3,USD,22,132,26,1157,Newton Upper Falls,MA,Massachusetts,1071#26#191
2015-12-01 09:50:05,35,275,2,GBP,21,113,28,877,Groton,MA,Massachusetts,1072#35#275
2015-12-01 12:40:01,35,183,3,USD,16,162,30,1329,Providence,RI,Rhode Island,1073#35#183
2015-12-01 15:04:38,55,201,2,EUR,27,111,20,1836,Washington,ME,Maine,1074#55#201
2015-12-02 12:04:48,19,143,2,GBP,11,103,27,1204,Dennis Port,MA,Massachusetts,1075#19#143
2015-12-02 12:04:48,51,259,1,EUR,14,176,17,1598,Kittery Point,ME,Maine,1076#51#259
2015-12-03 14:59:53,51,43,1,GBP,16,130,29,1050,Medfield,MA,Massachusetts,1077#51#43
2015-12-05 07:07:57,46,114,2,GBP,21,87,11,1292,Kenyon,RI,Rhode Island,1078#46#114
2015-12-05 07:07:57,10,172,2,EUR,18,128,24,1196,Hyannis,MA,Massachusetts,1079#10#172
2015-12-05 12:41:18,49,141,1,GBP,23,177,29,1509,Georges Mills,NH,New Hampshire,1080#49#141
2015-12-05 12:41:18,19,124,2,EUR,16,145,26,813,Cheshire,MA,Massachusetts,1081#19#124
2015-12-05 12:41:18,34,66,2,GBP,13,111,14,606,Arecibo,PR,Puerto Rico,1082#34#66
2015-12-05 12:41:18,50,190,1,EUR,4,139,19,1150,Waltham,MA,Massachusetts,1083#50#190
2015-12-05 12:41:18,49,128,2,EUR,6,151,27,1672,Cape Elizabeth,ME,Maine,1084#49#128
2015-12-05 12:41:18,76,148,2,USD,7,159,26,663,Ceiba,PR,Puerto Rico,1085#76#148
2015-12-05 12:41:18,47,183,2,EUR,19,75,16,1399,Contoocook,NH,New Hampshire,1086#47#183
2015-12-07 04:40:00,39,267,2,USD,19,111,28,1351,Deerfield,NH,New Hampshire,1087#39#267
2015-12-07 04:40:00,68,157,2,EUR,13,147,16,1214,North Chatham,MA,Massachusetts,1088#68#157
2015-12-07 08:40:53,31,83,2,EUR,25,151,26,1905,Benedicta,ME,Maine,1089#31#83
2015-12-08 16:38:42,49,157,3,USD,2,130,27,1865,Hancock,ME,Maine,1090#49#157
2015-12-08 19:54:16,20,280,3,GBP,15,137,18,1936,Smyrna Mills,ME,Maine,1091#20#280
2015-12-08 19:54:16,52,28,1,EUR,26,124,18,1984,Farmington Falls,ME,Maine,1092#52#28
2015-12-09 00:59:57,37,181,3,EUR,13,74,20,1868,Hulls Cove,ME,Maine,1093#37#181
2015-12-09 06:25:44,29,117,2,GBP,25,104,15,1505,Cornish,NH,New Hampshire,1094#29#117
2015-12-09 08:00:17,39,188,2,GBP,4,132,18,924,Spencer,MA,Massachusetts,1095#39#188
2015-12-09 08:00:17,39,61,3,GBP,18,156,27,1417,Moultonborough,NH,New Hampshire,1096#39#61
2015-12-09 08:00:17,16,279,XXX,EUR,15,XXX,20,1814,Boothbay,ME,Maine,1097#16#279
2015-12-09 09:34:15,1,293,XXX,USD,6,XXX,13,619,Florida,PR,Puerto Rico,1098#1#293
2015-12-11 04:47:32,28,4,XXX,XXX,17,XXX,25,1763,Corinth,ME,Maine,1099#28#4
2015-12-11 04:47:32,31,95,XXX,XXX,18,XXX,10,1291,Jamestown,RI,Rhode Island,1100#31#95
2015-12-12 01:34:29,39,206,XXX,XXX,15,XXX,17,1908,Caribou,ME,Maine,1101#39#206
2015-12-12 05:09:54,48,181,XXX,XXX,22,XXX,21,1276,Charlestown,RI,Rhode Island,1102#48#181
2015-12-12 05:09:54,24,33,XXX,XXX,26,XXX,17,1617,Cornish,ME,Maine,1103#24#33
2015-12-12 05:09:54,9,155,3,XXX,28,XXX,11,1473,Winchester,NH,New Hampshire,1104#9#155
2015-12-12 13:55:55,34,266,1,EUR,10,158,13,1913,Fort Kent,ME,Maine,1105#34#266
2015-12-13 00:22:40,51,134,3,EUR,5,81,22,1271,Barrington,RI,Rhode Island,1106#51#134
2015-12-14 09:02:54,58,95,2,GBP,10,122,24,1898,Swans Island,ME,Maine,1107#58#95
2015-12-14 09:02:54,34,140,1,USD,21,140,22,922,South Grafton,MA,Massachusetts,1108#34#140
2015-12-14 19:40:13,64,78,1,GBP,13,87,10,1693,Lewiston,ME,Maine,1109#64#78
2015-12-16 11:01:37,72,79,3,USD,28,96,27,1320,Warwick,RI,Rhode Island,1110#72#79
2015-12-16 11:01:37,6,248,1,GBP,8,122,22,1037,Bellingham,MA,Massachusetts,1111#6#248
2015-12-16 11:01:37,31,171,3,USD,22,142,12,1462,Jaffrey,NH,New Hampshire,1112#31#171
2015-12-17 08:27:07,74,106,3,USD,27,93,23,1777,Kenduskeag,ME,Maine,1113#74#106
2015-12-17 08:27:07,66,48,1,USD,26,80,28,1369,Nashua,NH,New Hampshire,1114#66#48
2015-12-18 11:15:30,75,192,1,EUR,17,130,12,695,San Juan,PR,Puerto Rico,1115#75#192
2015-12-18 11:15:30,19,265,3,USD,24,103,28,1830,Round Pond,ME,Maine,1116#19#265
2015-12-18 11:48:17,48,214,1,GBP,27,83,15,801,Springfield,MA,Massachusetts,1117#48#214
2015-12-18 14:18:02,75,193,1,EUR,24,138,27,1199,Centerville,MA,Massachusetts,1118#75#193
2015-12-19 05:59:21,71,16,1,EUR,15,123,23,991,Lowell,MA,Massachusetts,1119#71#16
2015-12-19 05:59:21,29,102,3,EUR,12,110,27,1424,Northwood,NH,New Hampshire,1120#29#102
2015-12-19 12:45:36,63,180,3,EUR,17,129,11,823,Middlefield,MA,Massachusetts,1121#63#180
2015-12-19 12:45:36,10,48,2,GBP,29,104,26,1404,Franklin,NH,New Hampshire,1122#10#48
2015-12-20 08:13:41,49,148,3,USD,3,129,20,965,Mendon,MA,Massachusetts,1123#49#148
2015-12-22 05:06:40,77,262,3,GBP,2,107,12,1879,Milbridge,ME,Maine,1124#77#262
2015-12-22 05:06:40,63,80,1,GBP,22,131,20,1241,Fall River,MA,Massachusetts,1125#63#80
2015-12-23 05:19:43,57,43,3,EUR,15,75,16,627,Lajas,PR,Puerto Rico,1126#57#43
2015-12-23 10:10:02,55,109,3,USD,22,145,12,1548,Farmington,NH,New Hampshire,1127#55#109
2015-12-23 10:10:02,48,184,1,EUR,6,156,21,947,Framingham,MA,Massachusetts,1128#48#184
2015-12-23 10:10:02,64,151,3,EUR,10,168,15,1857,Deer Isle,ME,Maine,1129#64#151
2015-12-23 13:08:53,36,131,3,USD,15,165,14,1203,Dennis,MA,Massachusetts,1130#36#131
2015-12-23 13:08:53,66,169,3,EUR,12,141,14,1764,Eddington,ME,Maine,1131#66#169
2015-12-23 13:08:53,67,31,3,USD,12,126,20,1889,Seal Cove,ME,Maine,1132#67#31
2015-12-23 13:08:53,54,85,1,USD,4,100,14,715,Bayamon,PR,Puerto Rico,1133#54#85
2015-12-24 00:02:56,27,194,3,USD,12,150,11,1962,Anson,ME,Maine,1134#27#194
2015-12-24 00:02:56,14,127,2,EUR,10,98,25,1532,Bartlett,NH,New Hampshire,1135#14#127
2015-12-24 05:12:44,29,135,1,GBP,17,167,19,1254,South Dartmouth,MA,Massachusetts,1136#29#135
2015-12-24 05:12:44,19,24,1,XXX,8,104,13,1730,Randolph,ME,Maine,1137#19#24
2015-12-24 05:12:44,41,163,2,XXX,27,84,17,728,Carolina,PR,Puerto Rico,1138#41#163
2015-12-24 08:45:18,32,42,3,XXX,16,159,19,1064,Boston,MA,Massachusetts,1139#32#42
2015-12-24 08:45:18,13,101,2,XXX,6,93,27,1499,South Acworth,NH,XXX,1140#13#101
2015-12-24 10:41:30,25,156,2,XXX,12,171,24,936,Worcester,MA,XXX,1141#25#156
2015-12-25 05:47:55,67,122,3,XXX,24,15,9,1331,Providence,RI,XXX,1142#67#122
2015-12-25 05:47:55,57,92,1,XXX,7,136,11,1427,Plymouth,NH,XXX,1143#57#92
2015-12-25 05:47:55,28,272,2,XXX,14,167,15,1801,Shirley Mills,ME,XXX,1144#28#272
2015-12-25 10:35:13,43,171,1,GBP,12,101,27,1803,Stetson,ME,XXX,1145#43#171
2015-12-25 10:35:13,72,206,3,EUR,5,126,18,701,San Juan,PR,XXX,1146#72#206
2015-12-27 12:05:38,72,95,2,EUR,8,127,15,635,Mayaguez,PR,XXX,1147#72#95
2015-12-27 18:11:17,66,156,2,USD,17,76,21,1373,Pelham,NH,New Hampshire,1148#66#156
2015-12-27 18:11:17,61,264,2,USD,20,134,14,916,Oxford,MA,Massachusetts,1149#61#264
2015-12-28 04:02:41,31,135,1,EUR,19,115,26,846,Colrain,MA,Massachusetts,1150#31#135
2015-12-29 11:53:31,68,15,2,USD,4,146,20,1824,New Harbor,ME,Maine,1151#68#15
2015-12-29 11:53:31,54,215,3,GBP,9,109,21,1306,Cumberland,RI,Rhode Island,1152#54#215
2015-12-29 11:53:31,47,37,1,EUR,16,184,19,1243,Fall River,XXX,Massachusetts,1153#47#37
2015-12-29 12:18:42,33,289,3,EUR,10,115,26,622,Guayanilla,XXX,Puerto Rico,1154#33#289
2016-01-05 12:24:00,32,97,3,USD,15,130,14,946,Paxton,XXX,Massachusetts,1155#32#97
2016-01-05 12:24:00,27,242,1,EUR,1,165,10,1133,North Easton,XXX,Massachusetts,1156#27#242
2016-02-19 20:41:00,43,188,2,EUR,5,136,26,1063,Boston,XXX,Massachusetts,1157#43#188
2016-03-30 14:14:00,48,17,3,USD,5,72,16,1988,Hinckley,XXX,Maine,1158#48#17
2016-05-27 12:57:00,29,274,2,EUR,17,123,28,1073,Roxbury Crossing,XXX,Massachusetts,1159#29#274
2016-07-16 09:49:25,76,292,2,GBP,19,187,27,833,Southfield,MA,Massachusetts,1160#76#292
2016-07-16 09:49:25,66,225,3,USD,27,151,22,1848,Blue Hill,ME,Maine,1161#66#225
2017-03-29 17:06:00,11,93,3,EUR,25,152,14,1835,Walpole,ME,Maine,1162#11#93
2017-03-29 17:06:00,63,220,3,USD,3,132,23,1515,Lebanon,NH,New Hampshire,1163#63#220
2017-09-16 13:50:17,5,102,2,GBP,18,146,21,1067,Boston,MA,Massachusetts,1164#5#102
